Timestamp (UTC)	Beijing co	Beijing no2	Beijing o3	Beijing pm10	Beijing pm25	Beijing so2
2017-03-31 01:00	411.42857142857144	44.4	47.457142857142856	38.15625	17.771428571428572	5.085714285714285
2017-03-31 02:00	358.8235294117647	30.970588235294116	65.05882352941177	28.482758620689655	15.352941176470589	5.235294117647059
2017-03-31 03:00	287.8787878787879	18.96875	81.6969696969697	23.695652173913043	12.272727272727273	4.121212121212121
2017-03-31 04:00	263.6363636363636	15.78125	89.0625	18.8	10.818181818181818	3.484848484848485
2017-03-31 05:00	264.70588235294116	15.235294117647058	91.18181818181819	18.705882352941178	11.058823529411764	3.1470588235294117
2017-03-31 06:00	255.88235294117646	15.117647058823529	92.03125	18.05263157894737	12.088235294117647	3.2058823529411766
2017-03-31 07:00	244.11764705882354	15.235294117647058	93.60606060606061	20.26923076923077	10.529411764705882	3.2058823529411766
2017-03-31 08:00	247.05882352941177	16.264705882352942	94.41176470588235	21.962962962962962	10.029411764705882	2.8823529411764706
2017-03-31 09:00	242.42424242424244	16.58823529411765	96.03030303030303	29.09375	11.617647058823529	3.0294117647058822
2017-03-31 10:00	252.94117647058823	20.484848484848484	94.06060606060606	32.93939393939394	11.294117647058824	2.911764705882353
2017-03-31 11:00	267.6470588235294	24.264705882352942	87.27272727272727	36.14705882352941	13.323529411764707	2.9411764705882355
2017-03-31 12:00	297.05882352941177	32.205882352941174	75.0909090909091	44.94117647058823	14.088235294117647	2.9705882352941178
2017-03-31 13:00	379.4117647058824	46	59.24242424242424	66.05882352941177	20.61764705882353	3.5294117647058822
2017-03-31 14:00	473.52941176470586	50.76470588235294	57.121212121212125	80.27272727272727	31.176470588235293	5.823529411764706
2017-03-31 15:00	475.75757575757575	51.36363636363637	53.515151515151516	79.90625	36.333333333333336	6.424242424242424
2017-03-31 16:00	526.4705882352941	59.35294117647059	41.05882352941177	87.18181818181819	38.64705882352941	6.852941176470588
2017-03-31 17:00	600	65.36363636363636	29.545454545454547	89.96875	42.60606060606061	7.363636363636363
2017-03-31 18:00	588.2352941176471	69.17647058823529	20.91176470588235	86.82352941176471	43	13.264705882352942
2017-03-31 19:00	585.2941176470588	69.55882352941177	16.941176470588236	88.44117647058823	42.911764705882355	6.181818181818182
2017-03-31 20:00	608.8235294117648	72.52941176470588	13.735294117647058	96.3529411764706	43.8235294117647	6.735294117647059
2017-03-31 21:00	632.3529411764706	73.1470588235294	12.5	77.1470588235294	39	6.647058823529412
2017-03-31 22:00	567.6470588235294	70.05882352941177	11.382352941176471	66.48484848484848	29.58823529411765	7.4411764705882355
2017-03-31 23:00	605.8823529411765	69.79411764705883	12.205882352941176	67.3030303030303	25.705882352941178	7.617647058823529
2017-04-01 00:00	697.0588235294117	67.82352941176471	12.264705882352942	79.23529411764706	28.558823529411764	7.882352941176471
2017-04-01 01:00	650	60.61764705882353	20.058823529411764	66.48387096774194	24.393939393939394	7.970588235294118
2017-04-01 02:00	520.5882352941177	51.794117647058826	35.029411764705884	51.303030303030305	19.764705882352942	7.0588235294117645
2017-04-01 03:00	447.05882352941177	41.11764705882353	49.44117647058823	43.705882352941174	16.558823529411764	6.882352941176471
2017-04-01 04:00	378.7878787878788	32.666666666666664	62.84848484848485	37.233333333333334	14.666666666666666	5.787878787878788
2017-04-01 05:00	345.45454545454544	28.333333333333332	72.63636363636364	34.96774193548387	13.424242424242424	4.878787878787879
2017-04-01 06:00	315.1515151515151	28.515151515151516	78.66666666666667	39.46875	14.575757575757576	4.242424242424242
2017-04-01 07:00	309.09090909090907	28.272727272727273	85.60606060606061	41.54838709677419	16.03030303030303	3.8181818181818183
2017-04-01 08:00	320.5882352941176	26.941176470588236	91.79411764705883	53.666666666666664	20.818181818181817	3.6470588235294117
2017-04-01 09:00	297.05882352941177	26.11764705882353	95.52941176470588	55.54545454545455	20.529411764705884	3.5588235294117645
2017-04-01 10:00	308.57142857142856	29.485714285714284	95.82857142857142	61.4	20.88235294117647	4.085714285714285
2017-04-01 11:00	328.57142857142856	31.685714285714287	95.28571428571429	69.3030303030303	22	5.085714285714285
2017-04-01 12:00	405.88235294117646	38.55882352941177	88.41176470588235	80.84375	27.454545454545453	8.5
2017-04-01 13:00	665.625	57.8125	63.6875	121.13333333333334	39.59375	12.96875
2017-04-01 14:00	1161.764705882353	73.61764705882354	46.76470588235294	161.78787878787878	60.64705882352941	16.441176470588236
2017-04-01 15:00	1426.4705882352941	75.29411764705883	42.705882352941174	146.36363636363637	70.17647058823529	17.235294117647058
2017-04-01 16:00	1415.1515151515152	78.93939393939394	36.121212121212125	129.28125	71.96969696969697	17.454545454545453
2017-04-01 17:00	1341.1764705882354	83.73529411764706	27.970588235294116	124.06060606060606	70.3529411764706	16.470588235294116
2017-04-01 18:00	1238.235294117647	85.6470588235294	20.676470588235293	119.84848484848484	69.97058823529412	14.606060606060606
2017-04-01 19:00	1106.4516129032259	83.4375	17.25	112.74193548387096	69.59375	13.0625
2017-04-01 20:00	1048.4848484848485	85.9090909090909	12.625	110.03125	70.63636363636364	13.272727272727273
2017-04-01 21:00	1079.4117647058824	86.42424242424242	10.53125	104.3030303030303	67.17647058823529	14.529411764705882
2017-04-01 22:00	1179.4117647058824	82.94117647058823	9.970588235294118	106.93939393939394	66.29411764705883	14.617647058823529
2017-04-01 23:00	1250	85.11764705882354	9.264705882352942	115.21212121212122	66.76470588235294	14.294117647058824
2017-04-02 00:00	1285.2941176470588	81.76470588235294	9.588235294117647	125.33333333333333	69.17647058823529	13.970588235294118
2017-04-02 01:00	1311.764705882353	79.55882352941177	14.705882352941176	128.21212121212122	72.32352941176471	17.235294117647058
2017-04-02 02:00	1282.3529411764705	74.73529411764706	27.970588235294116	121.36363636363636	74.44117647058823	19.88235294117647
2017-04-02 03:00	1214.2857142857142	67.91428571428571	45.714285714285715	103.66666666666667	71.22857142857143	20.514285714285716
2017-04-02 04:00	1170.5882352941176	61.76470588235294	64.29411764705883	101.625	69.5	20.11764705882353
2017-04-02 05:00	1079.4117647058824	53.705882352941174	83.6470588235294	91.43333333333334	68.76470588235294	19.235294117647058
2017-04-02 06:00	974.2857142857143	48.35294117647059	94.45714285714286	89.10714285714286	66.48571428571428	17.771428571428572
2017-04-02 07:00	854.2857142857143	44.94285714285714	102.68571428571428	82.8	61.08571428571429	14.657142857142857
2017-04-02 08:00	752.9411764705883	42.588235294117645	108.76470588235294	78.15384615384616	53.64705882352941	12.352941176470589
2017-04-02 09:00	748.5714285714286	47.714285714285715	106.4	86.9375	54.94285714285714	12.228571428571428
2017-04-02 10:00	774.2857142857143	50.114285714285714	105.65714285714286	94.94117647058823	59.02857142857143	12.428571428571429
2017-04-02 11:00	854.2857142857143	52.34285714285714	102.45714285714286	98.18181818181819	59.457142857142856	12.885714285714286
2017-04-02 12:00	976.4705882352941	62.5	84.05882352941177	113.6969696969697	62.88235294117647	13.794117647058824
2017-04-02 13:00	1094.2857142857142	81.31428571428572	55.542857142857144	128.7058823529412	70.6	14.342857142857143
2017-04-02 14:00	1188.5714285714287	93.02857142857142	38.74285714285714	142.61764705882354	81.02857142857142	15.257142857142858
2017-04-02 15:00	1285.7142857142858	100.37142857142857	27.714285714285715	157.5151515151515	88.97142857142858	16.34285714285714
2017-04-02 16:00	1308.5714285714287	99.4	23.97142857142857	151.9090909090909	92.68571428571428	15.6
2017-04-02 17:00	1262.857142857143	97	21	152.53125	93.65714285714286	14.82857142857143
2017-04-02 18:00	1257.142857142857	97.8	16.62857142857143	160.625	97.82857142857142	15
2017-04-02 19:00	1274.2857142857142	99.42857142857143	13.628571428571428	158.3125	104.17142857142858	14.485714285714286
2017-04-02 20:00	1285.7142857142858	101.42857142857143	12.142857142857142	163.03125	105.74285714285715	12.8
2017-04-02 21:00	1291.1764705882354	100.5	11.6	170.56666666666666	106.23529411764706	12.323529411764707
2017-04-02 22:00	1367.6470588235295	91.94117647058823	10.029411764705882	161.5	107.08823529411765	11.411764705882353
2017-04-02 23:00	1418.1818181818182	92.24242424242425	8.787878787878787	159.44827586206895	113.36363636363636	11.393939393939394
2017-04-03 00:00	1574.2857142857142	97.25714285714285	7.6	186.25806451612902	126.94285714285714	11.771428571428572
2017-04-03 01:00	1708.5714285714287	100.37142857142857	10.2	202.89655172413794	144.74285714285713	18.514285714285716
2017-04-03 02:00	1822.857142857143	108.45714285714286	16.942857142857143	217.07142857142858	165.45714285714286	28.057142857142857
2017-04-03 03:00	1876.4705882352941	111.8529411764706	33.35294117647059	217.76923076923077	184.11764705882354	36.029411764705884
2017-04-03 04:00	1900	109.62857142857143	59.628571428571426	218.54545454545453	197.5142857142857	42.34285714285714
2017-04-03 05:00	1728.5714285714287	99.77142857142857	91.48571428571428	184.78571428571428	193.8	43.31428571428572
2017-04-03 06:00	1448.5714285714287	80.85714285714286	124.6	172.25	180.5142857142857	40.48571428571429
2017-04-03 07:00	1188.235294117647	60.35294117647059	153.55882352941177	162.69230769230768	157.47058823529412	33.5
2017-04-03 08:00	921.2121212121212	44.18181818181818	172.21212121212122	152.15384615384616	129.5151515151515	25.606060606060606
2017-04-03 09:00	723.5294117647059	34.411764705882355	183.08823529411765	128.71428571428572	105.61764705882354	19.764705882352942
2017-04-03 10:00	608.8235294117648	30.323529411764707	180.76470588235293	122.14285714285714	89.20588235294117	16.852941176470587
2017-04-03 11:00	605.7142857142857	31.428571428571427	173.05714285714285	123.20689655172414	83.57142857142857	16.6
2017-04-03 12:00	671.4285714285714	42.05714285714286	153.0857142857143	126.91176470588235	91.31428571428572	17.771428571428572
2017-04-03 13:00	788.5714285714286	58.142857142857146	121.22857142857143	137.90322580645162	102.8	18.914285714285715
2017-04-03 14:00	891.4285714285714	70.34285714285714	95.62857142857143	153.45454545454547	112.74285714285715	19.314285714285713
2017-04-03 15:00	885.7142857142857	67.42857142857143	88.25714285714285	164.59375	118.77142857142857	19.942857142857143
2017-04-03 16:00	827.2727272727273	56.81818181818182	87	150.93103448275863	113.03030303030303	18.484848484848484
2017-04-03 17:00	814.7058823529412	51.61764705882353	82.17647058823529	135.1851851851852	107.47058823529412	16.529411764705884
2017-04-03 18:00	817.1428571428571	49.57142857142857	74.22857142857143	133.35714285714286	105.91428571428571	15.542857142857143
2017-04-03 19:00	828.5714285714286	50.94285714285714	62.05714285714286	127.92592592592592	108.14285714285714	15.4
2017-04-03 20:00	835.2941176470588	55.88235294117647	50.970588235294116	132.53846153846155	111.3529411764706	14.5
2017-04-03 21:00	871.4285714285714	59.08571428571429	42.303030303030305	136.32	116.97142857142858	13.771428571428572
2017-04-03 22:00	991.4285714285714	69.45714285714286	29.085714285714285	147.9090909090909	124.88571428571429	13.971428571428572
2017-04-03 23:00	1114.7058823529412	75.47058823529412	21	147.66666666666666	132.2941176470588	14.264705882352942
2017-04-04 00:00	1245.7142857142858	75.14285714285714	20.17142857142857	167.54166666666666	142.4857142857143	14.628571428571428
2017-04-04 01:00	1355.8823529411766	77.6470588235294	23	186.73076923076923	157.88235294117646	20.647058823529413
2017-04-04 02:00	1409.090909090909	79.75757575757575	34.24242424242424	194.69565217391303	169.63636363636363	28.848484848484848
2017-04-04 03:00	1461.764705882353	80.8529411764706	45.23529411764706	201	175.58823529411765	31.441176470588236
2017-04-04 04:00	1491.1764705882354	80.94117647058823	54.8235294117647	199.72222222222223	180.11764705882354	33.970588235294116
2017-04-04 05:00	1520.5882352941176	83.23529411764706	60.294117647058826	199.94736842105263	184.7941176470588	36.205882352941174
2017-04-04 06:00	1458.8235294117646	79.23529411764706	69.05882352941177	198.10526315789474	186.94117647058823	37.205882352941174
2017-04-04 07:00	1394.1176470588234	74.11764705882354	79.41176470588235	201.8125	183.73529411764707	37.11764705882353
2017-04-04 08:00	1302.9411764705883	69.17647058823529	87.79411764705883	195.5	180.26470588235293	36.294117647058826
2017-04-04 09:00	1181.8181818181818	61.515151515151516	94.0909090909091	184.55555555555554	166.1818181818182	34.06060606060606
2017-04-04 10:00	1103.125	57.40625	92.3125	170.125	148.875	31.84375
2017-04-04 11:00	987.8787878787879	52.78787878787879	88.96969696969697	153.8695652173913	129.45454545454547	27.060606060606062
2017-04-04 12:00	823.5294117647059	45.85294117647059	88.26470588235294	114	99.51515151515152	19.147058823529413
2017-04-04 13:00	700	39.97142857142857	90.34285714285714	100.17241379310344	77.4	14.285714285714286
2017-04-04 14:00	677.1428571428571	39.57142857142857	87.31428571428572	83.82758620689656	72.48571428571428	12.17142857142857
2017-04-04 15:00	622.8571428571429	35.05714285714286	91.6	65.8695652173913	64.6	10.142857142857142
2017-04-04 16:00	574.2857142857143	30.457142857142856	96.8	50.875	58.457142857142856	8.257142857142858
2017-04-04 17:00	548.5714285714286	30.914285714285715	92.34285714285714	47	56.82857142857143	8
2017-04-04 18:00	522.8571428571429	28.257142857142856	87.8	57.333333333333336	53.885714285714286	7.4411764705882355
2017-04-04 19:00	514.2857142857143	26.34285714285714	84.02857142857142	39	55.97142857142857	7.457142857142857
2017-04-04 20:00	497.14285714285717	26.885714285714286	79.28571428571429	43	55.74285714285714	5.685714285714286
2017-04-04 21:00	511.42857142857144	30.457142857142856	62.41935483870968		57.94285714285714	5.228571428571429
2017-04-04 22:00	537.1428571428571	36.08571428571429	57.05714285714286	60.2	60.714285714285715	5.0285714285714285
2017-04-04 23:00	580	40.857142857142854	51.48571428571429	64.14285714285714	63.4	4.8
2017-04-05 00:00	637.1428571428571	49.114285714285714	40.114285714285714	79.53846153846153	67.74285714285715	4.6571428571428575
2017-04-05 01:00	674.2857142857143	52.4	39.48571428571429	78.76470588235294	68.82857142857142	5.542857142857143
2017-04-05 02:00	617.6470588235294	41.77142857142857	62.08571428571429	72.5625	66.17142857142858	7.942857142857143
2017-04-05 03:00	588.5714285714286	33.64705882352941	81.4	69.5	65.51428571428572	10.657142857142857
2017-04-05 04:00	564.7058823529412	29.558823529411764	98.93939393939394	40	61.970588235294116	12.911764705882353
2017-04-05 05:00	531.4285714285714	24.514285714285716	114.68571428571428		60.31428571428572	11.971428571428572
2017-04-05 06:00	511.42857142857144	21.764705882352942	125.85714285714286	53.25	60.885714285714286	9.852941176470589
2017-04-05 07:00	514.7058823529412	20.441176470588236	133.97058823529412	61.666666666666664	63.8235294117647	8.352941176470589
2017-04-05 08:00	529.4117647058823	19.942857142857143	139.8235294117647	62.125	67.32352941176471	7.485714285714286
2017-04-05 09:00	520	19.705882352941178	142.42857142857142	60.875	66.05714285714286	6.714285714285714
2017-04-05 10:00	529.4117647058823	22	138.8235294117647	67.92307692307692	66.4	6.117647058823529
2017-04-05 11:00	570.5882352941177	27.352941176470587	129.8235294117647	76.65	69.17142857142858	5.5
2017-04-05 12:00	685.2941176470588	33.8235294117647	115.5	80.76470588235294	73.73529411764706	4.9393939393939394
2017-04-05 13:00	776.4705882352941	37.02857142857143	98.94285714285714	86.27272727272727	77.82857142857142	4.529411764705882
2017-04-05 14:00	820.5882352941177	41.14705882352941	78.5	89.54545454545455	79.38235294117646	4.382352941176471
2017-04-05 15:00	888.2352941176471	47.470588235294116	59.205882352941174	88	82.1470588235294	4.323529411764706
2017-04-05 16:00	905.7142857142857	50.48571428571429	47.17142857142857	100.4	84.42857142857143	4.057142857142857
2017-04-05 17:00	914.2857142857143	46.97142857142857	43.714285714285715	98.5	83.94285714285714	4.085714285714285
2017-04-05 18:00	868.5714285714286	42.285714285714285	41.22857142857143	83	78.14285714285714	3.9714285714285715
2017-04-05 19:00	820	40.885714285714286	35.68571428571428		76.4	3.942857142857143
2017-04-05 20:00	794.2857142857143	42.6	29.34285714285714	72	76.4	3.8285714285714287
2017-04-05 21:00	791.4285714285714	45.857142857142854	23.424242424242426	67	78.51428571428572	4.171428571428572
2017-04-05 22:00	855.8823529411765	51.1764705882353	14.852941176470589	77	80.73529411764706	4.352941176470588
2017-04-05 23:00	931.4285714285714	55.857142857142854	9.285714285714286		84.31428571428572	4.4
2017-04-06 00:00	1000	57.42857142857143	7	103.83333333333333	89.05714285714286	4.314285714285714
2017-04-06 01:00	1037.142857142857	56.2	12.6	100.3	95.54285714285714	5.8
2017-04-06 02:00	1062.857142857143	54.94285714285714	24.142857142857142	110.18181818181819	106.11428571428571	9.17142857142857
2017-04-06 03:00	1054.2857142857142	53.31428571428572	41.142857142857146	125.28571428571429	116.45714285714286	12.2
2017-04-06 04:00	994.1176470588235	53.06060606060606	61.65714285714286	103.16666666666667	118.79411764705883	13.588235294117647
2017-04-06 05:00	935.7142857142857	51.206896551724135	80.17241379310344	91	112.75	13.89655172413793
2017-04-06 06:00	867.8571428571429	46.4	99.6896551724138	103	100.2	12.413793103448276
2017-04-06 07:00	752.9411764705883	41.34375	118.9090909090909	91.73333333333333	89.87878787878788	10.125
2017-04-06 08:00	645.1612903225806	34.81818181818182	131.83870967741936	78.75	82.64516129032258	8.424242424242424
2017-04-06 09:00	612.9032258064516	34.03225806451613	143	99.23809523809524	82.80645161290323	7.766666666666667
2017-04-06 10:00	640	33.46875	147.46875	110.88	87.8125	7.46875
2017-04-06 11:00	647.0588235294117	35.78787878787879	148.0625	122.60714285714286	94.0909090909091	7.151515151515151
2017-04-06 12:00	684.8484848484849	44.12903225806452	135.28125	127	96.27272727272727	7.161290322580645
2017-04-06 13:00	761.7647058823529	46.794117647058826	125.44117647058823	152.4375	112	7.121212121212121
2017-04-06 14:00	858.8235294117648	54.588235294117645	103.05882352941177	160.34375	126	6.96969696969697
2017-04-06 15:00	967.6470588235294	61.029411764705884	84.73529411764706	171.33333333333334	139.33333333333334	7.212121212121212
2017-04-06 16:00	1002.9411764705883	57.85294117647059	81.76470588235294	167.3181818181818	164.85294117647058	8.424242424242424
2017-04-06 17:00	1047.0588235294117	40.23529411764706	104.02941176470588	157.86363636363637	157.3235294117647	9.575757575757576
2017-04-06 18:00	1070.5882352941176	29.61764705882353	105.5	133.84615384615384	149.6764705882353	10.65625
2017-04-06 19:00	968.75	27.09375	89.28125	107	131.875	10.35483870967742
2017-04-06 20:00	718.75	26.46875	76.5625	90.5	104.5625	8.516129032258064
2017-04-06 21:00	646.875	27.53125	63.107142857142854	88.92857142857143	86.71875	8.290322580645162
2017-04-06 22:00	659.375	30.09375	58.84375	83.93333333333334	84.09375	8.903225806451612
2017-04-06 23:00	682.3529411764706	32.529411764705884	53.1764705882353	87.5	80.97058823529412	9.030303030303031
2017-04-07 00:00	676.4705882352941	38.088235294117645	45.529411764705884	87.54545454545455	79.76470588235294	8.575757575757576
2017-04-07 01:00	687.8787878787879	43.36363636363637	40.21212121212121	94.09375	50.4375	8.625
2017-04-07 02:00	693.75	46.15625	36.75	102.12903225806451	53.38709677419355	8.516129032258064
2017-04-07 03:00	742.4242424242424	45.60606060606061	39	103.34375	57.90625	9.75
2017-04-07 04:00	751.5151515151515	44.09090909090909	45.72727272727273	101.78787878787878	59.875	10.935483870967742
2017-04-07 05:00	737.5	38.75	57.8125	102.41935483870968	60.266666666666666	11.75
2017-04-07 06:00	730.3030303030303	38.81818181818182	67.06060606060606	105.125	63.58064516129032	11.909090909090908
2017-04-07 07:00	739.3939393939394	38.515151515151516	75.39393939393939	109.3125	70.03225806451613	12.121212121212121
2017-04-07 08:00	755.8823529411765	39.85294117647059	82.26470588235294	120.29411764705883	76.45454545454545	11.941176470588236
2017-04-07 09:00	775.7575757575758	42.81818181818182	87.18181818181819	130.375	83.71875	11.15625
2017-04-07 10:00	803.030303030303	46.125	87.78787878787878	132.0909090909091	87.42424242424242	10.454545454545455
2017-04-07 11:00	830.3030303030303	52.03030303030303	83.63636363636364	137.0909090909091	91.75757575757575	9.363636363636363
2017-04-07 12:00	894.1176470588235	62.35294117647059	67.17647058823529	144.7058823529412	94.88235294117646	7.764705882352941
2017-04-07 13:00	973.5294117647059	74.3529411764706	45.911764705882355	158.5	99.73529411764706	7.323529411764706
2017-04-07 14:00	1000	87.3529411764706	28.058823529411764	166.66666666666666	105.94117647058823	7.117647058823529
2017-04-07 15:00	1029.4117647058824	93.91176470588235	16.794117647058822	167.38235294117646	110.02941176470588	7.029411764705882
2017-04-07 16:00	1064.7058823529412	95	12.323529411764707	166.26470588235293	113.97058823529412	6.735294117647059
2017-04-07 17:00	1051.4285714285713	91.54285714285714	11.514285714285714	166	116.14285714285714	6.828571428571428
2017-04-07 18:00	1057.142857142857	89.14285714285714	10.428571428571429	166.87878787878788	117.14285714285714	6.685714285714286
2017-04-07 19:00	1040	86.88571428571429	9.971428571428572	163.24242424242425	115.94285714285714	6.771428571428571
2017-04-07 20:00	1034.2857142857142	86.11428571428571	9.142857142857142	169.78787878787878	118.11428571428571	6.571428571428571
2017-04-07 21:00	1020	87.6	10.333333333333334	175.0909090909091	119.17142857142858	6.857142857142857
2017-04-07 22:00	1051.4285714285713	86.05714285714286	7.857142857142857	171.41935483870967	117.58823529411765	6.6
2017-04-07 23:00	1062.857142857143	86.65714285714286	7.142857142857143	175.41935483870967	122.54285714285714	6.457142857142857
2017-04-08 00:00	1014.2857142857143	79.51428571428572	11.257142857142858	169.6451612903226	116.65714285714286	7.057142857142857
2017-04-08 01:00	897.1428571428571	68.22857142857143	17.057142857142857	151.6969696969697	102.17142857142858	7.485714285714286
2017-04-08 02:00	872.7272727272727	59.72727272727273	27	136.2258064516129	93.54545454545455	9.787878787878787
2017-04-08 03:00	821.875	47.0625	40.9375	115.28125	74.34375	12.75
2017-04-08 04:00	744.1176470588235	37.8235294117647	51.85294117647059	101.55882352941177	56	12.588235294117647
2017-04-08 05:00	663.6363636363636	33.75757575757576	59.93939393939394	93.54545454545455	42.90909090909091	11.303030303030303
2017-04-08 06:00	591.1764705882352	31.61764705882353	64.20588235294117	84.82352941176471	34.911764705882355	9.5
2017-04-08 07:00	523.5294117647059	29.91176470588235	69.02941176470588	86.1470588235294	32.35294117647059	8.294117647058824
2017-04-08 08:00	497.05882352941177	31.323529411764707	70.44117647058823	94.45454545454545	30.764705882352942	7.852941176470588
2017-04-08 09:00	505.88235294117646	34.3235294117647	68.05882352941177	93.75	30.272727272727273	7.235294117647059
2017-04-08 10:00	600	37.03030303030303	66	104.29411764705883	35.15151515151515	7.470588235294118
2017-04-08 11:00	758.8235294117648	42.88235294117647	59.529411764705884	129.35294117647058	43.72727272727273	8.235294117647058
2017-04-08 12:00	1082.857142857143	54.114285714285714	44.285714285714285	133.11428571428573	59.529411764705884	9
2017-04-08 13:00	1205.7142857142858	63.628571428571426	28.942857142857143	151.76470588235293	71.08571428571429	7.428571428571429
2017-04-08 14:00	1238.235294117647	71	12.941176470588236	133.58064516129033	81.02941176470588	5.970588235294118
2017-04-08 15:00	1174.2857142857142	68.6	8.257142857142858	126.14285714285714	77.97142857142858	5.257142857142857
2017-04-08 16:00	1137.142857142857	66.48571428571428	5.885714285714286	111.33333333333333	77.08571428571429	4.457142857142857
2017-04-08 17:00	1068.5714285714287	64.71428571428571	4.828571428571428	100.93103448275862	71.94285714285714	4.0285714285714285
2017-04-08 18:00	1050	62.44117647058823	3.911764705882353	101.17857142857143	69.61764705882354	10.470588235294118
2017-04-08 19:00	1020	59.94285714285714	4.3428571428571425	101.36363636363636	68.62857142857143	5.2
2017-04-08 20:00	1002.8571428571429	60.82857142857143	4.571428571428571	97.42857142857143	68.42857142857143	3.8285714285714287
2017-04-08 21:00	1002.8571428571429	58.82857142857143	6.161290322580645	103.72413793103448	67.11428571428571	3.8285714285714287
2017-04-08 22:00	1060	60.142857142857146	5.428571428571429	100.6470588235294	67.11428571428571	4.257142857142857
2017-04-08 23:00	1094.2857142857142	62.51428571428571	5.2	107.2	67.97142857142858	4.057142857142857
2017-04-09 00:00	1122.857142857143	64.2	5.314285714285714	129.4	69.71428571428571	4.571428571428571
2017-04-09 01:00	1105.8823529411766	65.3529411764706	8.352941176470589	124.66666666666667	74.11764705882354	7.029411764705882
2017-04-09 02:00	1052.9411764705883	64.17647058823529	17	105.96551724137932	74.67647058823529	11.558823529411764
2017-04-09 03:00	1055.8823529411766	57.705882352941174	32.3235294117647	105	65.97058823529412	15.441176470588236
2017-04-09 04:00	911.7647058823529	48.705882352941174	51.470588235294116	88.03703703703704	60.76470588235294	13.676470588235293
2017-04-09 05:00	741.1764705882352	38.23529411764706	71.11764705882354	80.24	56.411764705882355	10.323529411764707
2017-04-09 06:00	673.5294117647059	32.35294117647059	86.88235294117646	82.44	56.911764705882355	8.558823529411764
2017-04-09 07:00	655.8823529411765	30.147058823529413	98.1470588235294	76.32	58.35294117647059	8.176470588235293
2017-04-09 08:00	650	28.294117647058822	105.47058823529412	86	57.85294117647059	8.176470588235293
2017-04-09 09:00	705.7142857142857	29.37142857142857	105.31428571428572	91.29411764705883	60.05882352941177	9
2017-04-09 10:00	731.4285714285714	30.37142857142857	103.31428571428572	93.15151515151516	61.457142857142856	9
2017-04-09 11:00	740	34.4	94.14285714285714	100.125	64.51428571428572	8.82857142857143
2017-04-09 12:00	735.2941176470588	40.885714285714286	81.71428571428571	93.62068965517241	62.91428571428571	8.371428571428572
2017-04-09 13:00	691.1764705882352	45.34285714285714	68.91428571428571	92	56.628571428571426	8.257142857142858
2017-04-09 14:00	658.8235294117648	49.542857142857144	54.94285714285714	92.4	56.08571428571429	8.4
2017-04-09 15:00	633.3333333333334	54.588235294117645	42.470588235294116	90.76470588235294	54.38235294117647	8.5
2017-04-09 16:00	632.3529411764706	57.51428571428571	34.542857142857144	96.36363636363636	54.857142857142854	9.085714285714285
2017-04-09 17:00	644.1176470588235	61.48571428571429	27.857142857142858	102.48571428571428	57.17142857142857	9.228571428571428
2017-04-09 18:00	660.6060606060606	62.029411764705884	22.147058823529413	101.88235294117646	59.11764705882353	8.794117647058824
2017-04-09 19:00	657.5757575757576	63.8235294117647	16.38235294117647	102.67647058823529	61.26470588235294	9.264705882352942
2017-04-09 20:00	658.8235294117648	65.45714285714286	13.257142857142858	100.42857142857143	62.42857142857143	9.2
2017-04-09 21:00	673.5294117647059	68.4	8.757575757575758	106	64.48571428571428	9.085714285714285
2017-04-09 22:00	691.1764705882352	68.31428571428572	7.714285714285714	106.5	65.05714285714286	8.628571428571428
2017-04-09 23:00	729.4117647058823	69.14285714285714	6.742857142857143	114.76470588235294	65.34285714285714	8.657142857142857
2017-04-10 00:00	788.2352941176471	69.88571428571429	5.8	129.2941176470588	67.34285714285714	9.771428571428572
2017-04-10 01:00	870.5882352941177	71.05714285714286	10.028571428571428	137.96969696969697	72.34285714285714	14
2017-04-10 02:00	879.4117647058823	72.8	16.37142857142857	139.7941176470588	75.8	16.37142857142857
2017-04-10 03:00	858.8235294117648	71.85714285714286	25.914285714285715	140.77142857142857	76.74285714285715	16.294117647058822
2017-04-10 04:00	832.3529411764706	68.2	41.31428571428572	127.76470588235294	80.96969696969697	15.942857142857143
2017-04-10 05:00	755.8823529411765	56.08571428571429	65.42857142857143	102.54285714285714	80.36363636363636	14.085714285714285
2017-04-10 06:00	678.7878787878788	43.411764705882355	86.58823529411765	92.81481481481481	73.23529411764706	12.058823529411764
2017-04-10 07:00	637.1428571428571	37.42857142857143	99.68571428571428	83.39285714285714	67.34285714285714	10.971428571428572
2017-04-10 08:00	605.8823529411765	34.22857142857143	106.02857142857142	81.2	61.34285714285714	10.323529411764707
2017-04-10 09:00	581.8181818181819	34.03030303030303	106.38235294117646	81.6875	54.61764705882353	10.323529411764707
2017-04-10 10:00	579.4117647058823	36.5	101.51515151515152	99.81818181818181	55.705882352941174	10.705882352941176
2017-04-10 11:00	574.2857142857143	40.25714285714286	91	94.11428571428571	52.82857142857143	11.057142857142857
2017-04-10 12:00	568.5714285714286	44.857142857142854	79.94285714285714	97.67647058823529	51.94285714285714	11.285714285714286
2017-04-10 13:00	622.8571428571429	50.34285714285714	63.6	111.6	55.68571428571428	12.142857142857142
2017-04-10 14:00	679.4117647058823	55.14705882352941	48.94117647058823	113.70588235294117	63.35294117647059	12.147058823529411
2017-04-10 15:00	725.7142857142857	59.68571428571428	35.6	115.14285714285714	68.8	12.17142857142857
2017-04-10 16:00	774.2857142857143	66.08571428571429	22.97142857142857	116.17647058823529	75.57142857142857	12.457142857142857
2017-04-10 17:00	794.1176470588235	67.76470588235294	16.058823529411764	117.03125	76.73529411764706	11.088235294117647
2017-04-10 18:00	800	69.62857142857143	10.885714285714286	118.63636363636364	75.74285714285715	16.742857142857144
2017-04-10 19:00	817.1428571428571	69.42857142857143	7.771428571428571	113.32352941176471	76.28571428571429	10.428571428571429
2017-04-10 20:00	802.8571428571429	67.94285714285714	8.257142857142858	115.96875	74.85714285714286	8.4
2017-04-10 21:00	728.5714285714286	63.885714285714286	20.419354838709676	110.37142857142857	66.28571428571429	7.9714285714285715
2017-04-10 22:00	597.1428571428571	55.57142857142857	29.085714285714285	102.43333333333334	52.77142857142857	7.714285714285714
2017-04-10 23:00	437.14285714285717	44.31428571428572	43.4	71.35483870967742	32.22857142857143	7
2017-04-11 00:00	277.14285714285717	27.428571428571427	64.65714285714286	58.2	17.057142857142857	4.114285714285714
2017-04-11 01:00	260	23.82857142857143	71.94285714285714	55.82857142857143	9.82857142857143	3.057142857142857
2017-04-11 02:00	231.42857142857142	17.914285714285715	79.88571428571429	85.06060606060606	9.885714285714286	2.6
2017-04-11 03:00	232.35294117647058	17.058823529411764	82.41176470588235	71.23529411764706	9.823529411764707	2.6470588235294117
2017-04-11 04:00	214.28571428571428	14.17142857142857	89.34285714285714	54.28125	10.375	2.4285714285714284
2017-04-11 05:00	211.76470588235293	13.235294117647058	94.72727272727273	37.96153846153846	16.242424242424242	2.3636363636363638
2017-04-11 06:00	206.4516129032258	12.838709677419354	97	33.06666666666667	12.545454545454545	2.303030303030303
2017-04-11 07:00	208.8235294117647	12.424242424242424	102.8	32.935483870967744	9.066666666666666	2.5588235294117645
2017-04-11 08:00	200	12.514285714285714	104	42.935483870967744	18.96875	2.3714285714285714
2017-04-12 02:00	691.4285714285714	76.57142857142857	17.97142857142857	92.77142857142857	43.5	9.228571428571428
2017-04-12 03:00	608.5714285714286	69.6470588235294	28.428571428571427	79.6969696969697	40.88235294117647	8.628571428571428
2017-04-12 04:00	509.09090909090907	59.61764705882353	48.885714285714286	61.48275862068966	35.03030303030303	7.4411764705882355
2017-04-12 05:00	425	46.85294117647059	72.55882352941177	57.7	29.903225806451612	6.484848484848484
2017-04-12 06:00	327.27272727272725	30.142857142857142	93.48571428571428	48.21212121212121	21.78125	5.205882352941177
2017-04-12 07:00	275.75757575757575	21.228571428571428	103.8	57.266666666666666	21.205882352941178	4.40625
2017-04-12 08:00	236.36363636363637	16.2	108.08823529411765	56.411764705882355	18.147058823529413	3.5757575757575757
2017-04-12 09:00	230.3030303030303	15.657142857142857	106.28571428571429	55.39393939393939	16.303030303030305	3.1470588235294117
2017-04-12 10:00	208.8235294117647	15.393939393939394	103	52.24242424242424	12.375	2.9705882352941178
2017-04-12 11:00	214.28571428571428	18.8	96.6	49.542857142857144	10.545454545454545	2.942857142857143
2017-04-12 12:00	280	28.857142857142858	81.85714285714286	62.11764705882353	14.764705882352942	3.4
2017-04-12 13:00	417.6470588235294	45.76470588235294	59.411764705882355	107.3529411764706	21.09090909090909	4.676470588235294
2017-04-12 14:00	605.8823529411765	58.088235294117645	42	200.41176470588235	39.78125	7.852941176470588
2017-04-12 15:00	805.8823529411765	55.26470588235294	40.794117647058826	196.58823529411765	51.75	11.382352941176471
2017-04-12 16:00	826.4705882352941	51.294117647058826	44.588235294117645	147.08823529411765	51.09090909090909	12.823529411764707
2017-04-12 17:00	931.4285714285714	52	44.457142857142856	126.62857142857143	45.94117647058823	15.314285714285715
2017-04-12 18:00	974.2857142857143	51.25714285714286	43.542857142857144	113.94285714285714	45.23529411764706	16.457142857142856
2017-04-12 19:00	1002.8571428571429	52.857142857142854	38.31428571428572	105.77142857142857	43.1764705882353	17.457142857142856
2017-04-12 20:00	1076.4705882352941	62.088235294117645	29.470588235294116	109.38235294117646	42.60606060606061	18.176470588235293
2017-04-12 21:00	1082.857142857143	68.65714285714286	20.129032258064516	112.57142857142857	41.90909090909091	16.34285714285714
2017-04-12 22:00	1097.142857142857	71.88571428571429	15.371428571428572	120.17142857142858	44.14705882352941	14.17142857142857
2017-04-12 23:00	1108.5714285714287	73.14285714285714	12.485714285714286	129.74285714285713	46.8235294117647	12.085714285714285
2017-04-13 00:00	1144.1176470588234	74.32352941176471	11.617647058823529	142.08823529411765	48.27272727272727	12.5
2017-04-13 01:00	1131.4285714285713	69.77142857142857	20.885714285714286	135.54285714285714	51.35294117647059	15.285714285714286
2017-04-13 02:00	1134.2857142857142	59.714285714285715	44.457142857142856	113.41176470588235	49.90909090909091	18.542857142857144
2017-04-13 03:00	1102.857142857143	55.05714285714286	59.97142857142857	113.6969696969697	51.94117647058823	19.542857142857144
2017-04-13 04:00	1080	54.77142857142857	69.67647058823529	119.63636363636364	66.82857142857142	18.942857142857143
2017-04-13 05:00	1034.2857142857142	52.21212121212121	84.97142857142858	117.20588235294117	56.18181818181818	17.942857142857143
2017-04-13 10:00	1264.7058823529412	59.628571428571426	73.62857142857143	172.3030303030303	76.78787878787878	20.34285714285714
2017-04-13 11:00	1218.1818181818182	64.60606060606061	62.09090909090909	178.6060606060606	73.58064516129032	18.848484848484848
2017-04-13 12:00	1006.060606060606	63.54545454545455	57.06060606060606	155.33333333333334	66.45161290322581	15.06060606060606
2017-04-13 13:00	926.4705882352941	64.20588235294117	50.44117647058823	124.17647058823529	56.96969696969697	12.529411764705882
2017-04-13 14:00	955.8823529411765	73.58823529411765	35.35294117647059	127.11764705882354	59.25	11.088235294117647
2017-04-13 15:00	1060.6060606060605	82.72727272727273	20	138.96969696969697	64.34375	10.030303030303031
2017-04-13 16:00	1170.5882352941176	86.72727272727273	14.117647058823529	149.73529411764707	69.42424242424242	10.029411764705882
2017-04-13 17:00	1235.2941176470588	83.91176470588235	11.696969696969697	156.35294117647058	73.18181818181819	9.735294117647058
2017-04-13 18:00	1231.25	80.375	12	144.65625	73.74193548387096	8.65625
2017-04-13 19:00	1196.969696969697	77.75757575757575	10.484848484848484	145.15151515151516	75.53125	7.875
2017-04-13 20:00	1166.6666666666667	75.33333333333333	8.727272727272727	149.6969696969697	73.46875	7.424242424242424
2017-04-13 21:00	1151.5151515151515	72.36363636363636	9.193548387096774	147.6060606060606	72.25	7.484848484848484
2017-04-13 22:00	1203.030303030303	70.63636363636364	7.363636363636363	146.42424242424244	71.78125	6.9393939393939394
2017-04-13 23:00	1296.969696969697	73.96969696969697	6.787878787878788	147.87878787878788	73.125	7.2727272727272725
2017-04-14 00:00	1436.3636363636363	79.27272727272727	5.515151515151516	179.6969696969697	77.75	9.090909090909092
2017-04-14 01:00	1500	87.05882352941177	10.294117647058824	184.55882352941177	90.58823529411765	14.970588235294118
2017-04-14 02:00	1409.090909090909	90.9090909090909	21.303030303030305	171.45454545454547	98.39393939393939	18.484848484848484
2017-04-14 03:00	1163.6363636363637	84.78787878787878	36.57575757575758	137.4375	83.35483870967742	16.484848484848484
2017-04-14 04:00	907.1428571428571	77.17857142857143	54.07142857142857	107.38461538461539	67.34615384615384	12.214285714285714
2017-04-14 05:00	688	57.72	76.56	92.54166666666667	54.47826086956522	9.36
2017-04-14 06:00	577.7777777777778	50.148148148148145	92.51851851851852	89.69565217391305	52.38461538461539	7.333333333333333
2017-04-15 06:00	275	24.451612903225808	109.0625	45.833333333333336	28.75	3.59375
2017-04-15 07:00	221.21212121212122	17.875	117.66666666666667	45.083333333333336	23.484848484848484	3.0606060606060606
2017-04-15 08:00	218.1818181818182	17.75	122.93939393939394	43.32258064516129	21.424242424242426	3.121212121212121
2017-04-15 09:00	218.1818181818182	19.375	128	49.75	20.125	3.0606060606060606
2017-04-15 10:00	219.3548387096774	22.166666666666668	128.19354838709677	61.96774193548387	23.612903225806452	3.064516129032258
2017-04-15 11:00	251.5151515151515	25.28125	117.78125	64.84375	22.9375	3.212121212121212
2017-04-15 12:00	321.2121212121212	37.15625	108.21875	97.21212121212122	25.90909090909091	5
2017-04-15 13:00	369.6969696969697	43.1875	93.53125	112.81818181818181	33.36363636363637	12.303030303030303
2017-04-15 14:00	438.2352941176471	50.15151515151515	78.27272727272727	103.02941176470588	36.18181818181818	11.735294117647058
2017-04-15 15:00	460.6060606060606	56.9375	62.40625	109.81818181818181	41.36363636363637	10.333333333333334
2017-04-15 16:00	464.70588235294116	64	46.42424242424242	105.02941176470588	41.470588235294116	9.852941176470589
2017-04-15 17:00	488.2352941176471	68.06060606060606	35.515151515151516	113.17647058823529	44.23529411764706	9.441176470588236
2017-04-15 18:00	538.2352941176471	79.27272727272727	21.78787878787879	118.46875	46.38235294117647	9.088235294117647
2017-04-15 19:00	579.4117647058823	82.60606060606061	16.363636363636363	116.93939393939394	47.73529411764706	9.676470588235293
2017-04-15 20:00	600	81.61290322580645	15.258064516129032	119.03225806451613	44.225806451612904	9.28125
2017-04-15 21:00	552.9411764705883	79.72727272727273	17.548387096774192	113.78787878787878	44.61764705882353	8.5
2017-04-15 22:00	532.3529411764706	74.45454545454545	18.060606060606062	102.72727272727273	41.970588235294116	8.088235294117647
2017-04-15 23:00	590.9090909090909	76.21875	13.8125	117.03030303030303	46.42424242424242	7.96969696969697
2017-04-16 00:00	688.2352941176471	77.33333333333333	11.606060606060606	139.28125	46.81818181818182	8.705882352941176
2017-04-16 01:00	757.5757575757576	78.75	10.3125	132.6875	52.333333333333336	10.484848484848484
2017-04-16 02:00	673.5294117647059	76.27272727272727	16.272727272727273	124.41176470588235	53.76470588235294	11.617647058823529
2017-04-16 03:00	817.6470588235294	75.3030303030303	29.09090909090909	175.38235294117646	66.6470588235294	20.852941176470587
2017-04-16 04:00	1064.7058823529412	73.78787878787878	46.84848484848485	218.88235294117646	98.08823529411765	33.294117647058826
2017-04-16 05:00	1179.4117647058824	73.75757575757575	63.54545454545455	217.1764705882353	116.37142857142857	37.1764705882353
2017-04-16 06:00	1158.8235294117646	69.27272727272727	82.03030303030303	201.88235294117646	118.88571428571429	36.05882352941177
2017-04-16 07:00	1096.969696969697	64.09375	98.03125	201.54545454545453	116.82352941176471	31.424242424242426
2017-04-16 08:00	1182.3529411764705	65.60606060606061	108.42424242424242	239.05882352941177	126.02857142857142	28.029411764705884
2017-04-16 09:00	1275.7575757575758	59.15625	120.5625	242.57575757575756	127.08823529411765	25.242424242424242
2017-04-16 10:00	1306.060606060606	60.666666666666664	120.6875	225.9375	126.97058823529412	22.78787878787879
2017-04-16 11:00	1321.2121212121212	64.18181818181819	111.875	208.54545454545453	131.14705882352942	21.181818181818183
2017-04-16 12:00	1328.5714285714287	67.28571428571429	97.20588235294117	197.26470588235293	133.54285714285714	18.428571428571427
2017-04-16 13:00	1320	66.11428571428571	82.47058823529412	196.08823529411765	135.38888888888889	16.485714285714284
2017-04-16 14:00	1348.5714285714287	67.17142857142858	68.61764705882354	196.66666666666666	143.58333333333334	15.371428571428572
2017-04-16 15:00	1357.142857142857	68.28571428571429	57.529411764705884	189.13333333333333	149.33333333333334	15.285714285714286
2017-04-16 16:00	1322.857142857143	69.37142857142857	48.05882352941177	185.03703703703704	147.5	14.2
2017-04-16 17:00	1314.2857142857142	71.02857142857142	39.38235294117647	176.77777777777777	145.80555555555554	14
2017-04-16 18:00	1317.142857142857	72.31428571428572	29.38235294117647	170.73076923076923	146.11111111111111	12.628571428571428
2017-04-16 19:00	1311.4285714285713	73.14285714285714	16.61764705882353	168.29166666666666	146.05555555555554	9.941176470588236
2017-04-16 20:00	1288.5714285714287	73.11428571428571	12.676470588235293	171.16666666666666	147.25	12.82857142857143
2017-04-16 21:00	1285.7142857142858	72.31428571428572	11.366666666666667	173.56521739130434	148.52777777777777	10.6
2017-04-16 22:00	1348.5714285714287	69.22857142857143	10	174.1818181818182	147.38888888888889	8.771428571428572
2017-04-16 23:00	1388.5714285714287	69.82857142857142	8.235294117647058	191.66666666666666	146.75	8.114285714285714
2017-04-17 00:00	1431.4285714285713	70.05714285714286	8.970588235294118	196.96428571428572	151.75	7.9714285714285715
2017-04-17 01:00	1451.4285714285713	79.28571428571429	14.088235294117647	220.32142857142858	164.44444444444446	11.914285714285715
2017-04-17 02:00	1482.857142857143	84.85714285714286	28.38235294117647	233.57142857142858	183.11111111111111	18.02857142857143
2017-04-17 03:00	1475.7575757575758	86.26470588235294	53.303030303030305	248.75	194.0857142857143	20.441176470588236
2017-04-17 04:00	1314.2857142857142	79.82857142857142	80.76470588235294	251.03846153846155	185.5	19.6
2017-04-17 05:00	1076.4705882352941	67.53125	93.6875	249.26666666666668	163.68571428571428	14.970588235294118
2017-04-17 06:00	951.4285714285714	53.285714285714285	104.75757575757575	271.21875	152.75	13.2
2017-04-17 07:00	817.6470588235294	44.94117647058823	106.72727272727273	283.1818181818182	145.74285714285713	12.272727272727273
2017-04-17 08:00	652.9411764705883	38.55882352941177	106.60606060606061	317.8484848484849	135.82857142857142	10.181818181818182
2017-04-17 09:00	554.2857142857143	34.294117647058826	98.97142857142858	303.6764705882353	119.72222222222223	9.911764705882353
2017-04-17 10:00	400	30.647058823529413	91.77142857142857	294.7352941176471	108.16666666666667	6.4
2017-04-17 11:00	375.75757575757575	33.36363636363637	82.23529411764706	261	94.6	5.9411764705882355
2017-04-17 12:00	358.8235294117647	39.4	72.6	205.05882352941177	75.25	4.857142857142857
2017-04-17 13:00	326.47058823529414	33.05714285714286	75.26470588235294	231.9142857142857	60.30555555555556	4.114285714285714
2017-04-17 14:00	268.57142857142856	19.914285714285715	84.02857142857142	177.34285714285716	49.52777777777778	3.8
2017-04-17 15:00	208.8235294117647	14.176470588235293	85.11764705882354	134.78787878787878	32.542857142857144	3.242424242424242
2017-04-17 16:00	200	20.542857142857144	78.57142857142857	50.34375	17.333333333333332	3.0285714285714285
2017-04-17 17:00	188.57142857142858	22.571428571428573	76.42857142857143	66.15625	20.72222222222222	2.914285714285714
2017-04-17 18:00	174.28571428571428	17.714285714285715	84.05714285714286	85.55882352941177	26.02777777777778	2.7714285714285714
2017-04-17 19:00	171.42857142857142	15.228571428571428	91.88571428571429	82.97142857142858	26.194444444444443	2.6857142857142855
2017-04-17 20:00	171.42857142857142	12.485714285714286	92.94285714285714	80.22857142857143	22.13888888888889	2.742857142857143
2017-04-17 21:00	182.85714285714286	11.428571428571429	92.54285714285714	97.31428571428572	21.5	2.7142857142857144
2017-04-17 22:00	173.52941176470588	12.588235294117647	89.76470588235294	103.55882352941177	18.485714285714284	2.676470588235294
2017-04-17 23:00	205.88235294117646	15.970588235294118	83.17647058823529	118.52941176470588	19.942857142857143	2.764705882352941
2017-04-18 00:00	229.41176470588235	14.941176470588236	81.76470588235294	104.6470588235294	20.742857142857144	2.676470588235294
2017-04-18 01:00	229.41176470588235	13.5	85.61764705882354	110	23.285714285714285	2.6470588235294117
2017-04-18 02:00	227.27272727272728	12.515151515151516	88.87878787878788	111.90625	24.333333333333332	2.606060606060606
2017-04-18 03:00	225	11.25	92.5	103.15625	21	2.65625
2017-04-18 04:00	242.85714285714286	10.771428571428572	95.4	88.08823529411765	24.727272727272727	2.5428571428571427
2017-04-18 05:00	222.85714285714286	10.314285714285715	99.25714285714285	80.6	19.542857142857144	2.5142857142857142
2017-04-18 06:00	217.14285714285714	10.885714285714286	100.25714285714285	75.45714285714286	22.085714285714285	2.5428571428571427
2017-04-18 07:00	217.64705882352942	10.676470588235293	101.32352941176471	63.42424242424242	25.941176470588236	2.5294117647058822
2017-04-18 08:00	215.15151515151516	10.705882352941176	101.12121212121212	55.25	20.484848484848484	2.5588235294117645
2017-04-18 09:00	231.42857142857142	12.285714285714286	103.28571428571429	57.88235294117647	17.857142857142858	2.5428571428571427
2017-04-18 10:00	240	14.657142857142857	101.51428571428572	52.90909090909091	19.4	2.5428571428571427
2017-04-18 11:00	230.3030303030303	14.272727272727273	101.36363636363636	51.03225806451613	18.970588235294116	2.5588235294117645
2017-04-18 12:00					19	
2017-04-18 13:00					21	
2017-04-18 14:00					33	
2017-04-18 15:00	574.2857142857143	72.51428571428572	19.428571428571427	87.57575757575758	30.17142857142857	3.4285714285714284
2017-04-18 16:00	528.5714285714286	68.68571428571428	19.34285714285714	83.91176470588235	32.388888888888886	3.6
2017-04-18 17:00	445.7142857142857	69.51428571428572	17	75.02941176470588	28.944444444444443	4.0285714285714285
2017-04-18 18:00	434.2857142857143	68.54285714285714	15.6	86.14285714285714	29.666666666666668	4.771428571428571
2017-04-18 19:00	437.14285714285717	67.57142857142857	15.2	82.57142857142857	30.47222222222222	5.6571428571428575
2017-04-18 20:00	571.4285714285714	70.11428571428571	11.885714285714286	89.2	33.166666666666664	9.114285714285714
2017-04-18 21:00	742.8571428571429	72.08571428571429	11.085714285714285	94.4	34.861111111111114	10.771428571428572
2017-04-18 22:00	837.1428571428571	71.6	13.914285714285715	106.68571428571428	36.47222222222222	11.257142857142858
2017-04-18 23:00	854.2857142857143	68.25714285714285	19.542857142857144	115.88571428571429	34.333333333333336	10.714285714285714
2017-04-19 00:00	782.8571428571429	61.114285714285714	27.2	129.0857142857143	35.611111111111114	9.371428571428572
2017-04-19 01:00	720	58	30.6	130.68571428571428	36.25	8.914285714285715
2017-04-19 02:00	745.7142857142857	57.68571428571428	30.857142857142858	127.22857142857143	41.02777777777778	9.371428571428572
2017-04-19 03:00	765.7142857142857	56.6	31.82857142857143	111.45714285714286	41.388888888888886	9.942857142857143
2017-04-19 04:00	774.2857142857143	55.68571428571428	34.31428571428572	91.68571428571428	43.205882352941174	9.942857142857143
2017-04-19 05:00	774.2857142857143	54.94117647058823	37.6	92.87878787878788	43.17142857142857	10.457142857142857
2017-04-19 06:00	800	55.02857142857143	40.114285714285714	92.6470588235294	43.23529411764706	11.114285714285714
2017-04-19 07:00	822.8571428571429	54.57142857142857	43.2	86.45454545454545	44.34375	11.657142857142857
2017-04-19 08:00	820	59.25714285714286	41.22857142857143	122.06060606060606	46.78787878787879	11.17142857142857
2017-04-19 09:00	840	62.77142857142857	38.4	133.53125	48.5625	11.371428571428572
2017-04-19 10:00	848.4848484848485	69.78787878787878	30.515151515151516	134.1290322580645	50.45454545454545	10.363636363636363
2017-04-19 11:00	867.6470588235294	78.3529411764706	19.11764705882353	140.7941176470588	53.05714285714286	8.941176470588236
2017-04-19 12:00	911.7647058823529	82.44117647058823	12.5	146.76470588235293	55.97142857142857	7.176470588235294
2017-04-19 13:00	929.4117647058823	80.91176470588235	10.029411764705882	148.7058823529412	58.4	5.9411764705882355
2017-04-19 14:00	967.6470588235294	79.94117647058823	7.911764705882353	145.58823529411765	60.02857142857143	5.294117647058823
2017-04-19 15:00	1029.4117647058824	78.29411764705883	6.176470588235294	139.8235294117647	60.285714285714285	4.882352941176471
2017-04-19 16:00	1061.764705882353	74.88235294117646	6.352941176470588	141.3235294117647	61.857142857142854	4.735294117647059
2017-04-19 17:00	1052.9411764705883	73.67647058823529	4.9411764705882355	127.67647058823529	58.885714285714286	4.588235294117647
2017-04-19 18:00	1038.235294117647	70.82352941176471	5.264705882352941	122.79411764705883	59.42857142857143	5.088235294117647
2017-04-19 19:00	1044.1176470588234	68.91176470588235	5.294117647058823	126.08823529411765	58.91428571428571	4.970588235294118
2017-04-19 20:00	1023.5294117647059	68.47058823529412	5.147058823529412	121.97058823529412	58.94285714285714	5.294117647058823
2017-04-19 21:00	1044.1176470588234	68.6470588235294	3.911764705882353	121.41176470588235	58.48571428571429	5.294117647058823
2017-04-19 22:00	1058.8235294117646	65.6470588235294	5.0588235294117645	125.97058823529412	55.94285714285714	5.264705882352941
2017-04-19 23:00	1132.3529411764705	68.3529411764706	6.882352941176471	142.2058823529412	60.17142857142857	6.382352941176471
2017-04-20 00:00	1197.0588235294117	79.61764705882354	9	156.7058823529412	70.25714285714285	9.235294117647058
2017-04-20 01:00	1097.0588235294117	78.26470588235294	16.676470588235293	147.58823529411765	71.28571428571429	10.647058823529411
2017-04-20 02:00	803.030303030303	65.24242424242425	34.15151515151515	110.65625	64	9.303030303030303
2017-04-20 03:00	481.8181818181818	44.18181818181818	59.75757575757576	84.7741935483871	44.8235294117647	5.151515151515151
2017-04-20 04:00	329.4117647058824	25.970588235294116	80.73529411764706	56.55172413793103	23.363636363636363	3.8529411764705883
2017-04-20 05:00	282.3529411764706	19.08823529411765	92.52941176470588	55.45454545454545	21.470588235294116	3.393939393939394
2017-04-20 06:00	269.6969696969697	17.363636363636363	97.81818181818181	56.666666666666664	21	3.3636363636363638
2017-04-20 07:00	268.57142857142856	19.571428571428573	98.22857142857143	66.85714285714286	17.86111111111111	3.2857142857142856
2017-04-20 08:00	274.2857142857143	19.2	94.97142857142858	75.91428571428571	21.02777777777778	3.3142857142857145
2017-04-20 09:00	268.57142857142856	18.542857142857144	93.74285714285715	64.17142857142858	18.27777777777778	3.2857142857142856
2017-04-20 10:00	288.2352941176471	19.941176470588236	92.38235294117646	63.294117647058826	16.142857142857142	3.3529411764705883
2017-04-20 11:00	320	26.65714285714286	81.28571428571429	56.285714285714285	16.11111111111111	3.2857142857142856
2017-04-20 12:00	360	40.91428571428571	60.628571428571426	60	17.333333333333332	3.2
2017-04-20 13:00	337.14285714285717	35.8	72.6	63.68571428571428	16.166666666666668	2.942857142857143
2017-04-20 14:00	297.14285714285717	29.285714285714285	63.08571428571429	51.22857142857143	15.083333333333334	2.8857142857142857
2017-04-20 15:00	294.2857142857143	30.514285714285716	58.714285714285715	47.17142857142857	11.088235294117647	2.914285714285714
2017-04-20 16:00	260	25.685714285714287	61.94285714285714	49	12.055555555555555	2.7142857142857144
2017-04-20 17:00	271.42857142857144	24.571428571428573	59.22857142857143	58.44117647058823	13.916666666666666	2.7714285714285714
2017-04-20 18:00	240	25.2	54.6	59.3235294117647	13.055555555555555	3.1142857142857143
2017-04-20 19:00	231.42857142857142	24.942857142857143	53.82857142857143	58.23529411764706	13.972222222222221	2.7714285714285714
2017-04-20 20:00	225.71428571428572	25.02857142857143	49.4	57.14705882352941	14.25	2.914285714285714
2017-04-20 21:00	240	28.4	47.457142857142856	55.1764705882353	14.86111111111111	2.857142857142857
2017-04-20 22:00	265.7142857142857	31.857142857142858	44.65714285714286	60.38235294117647	14.88888888888889	3
2017-04-20 23:00	294.2857142857143	33.97142857142857	43.42857142857143	62.205882352941174	15.944444444444445	3.4
2017-04-21 00:00	317.14285714285717	28.37142857142857	52.114285714285714	67.1470588235294	18.72222222222222	3.7714285714285714
2017-04-21 01:00	300	20.714285714285715	66.88571428571429	59.6764705882353	19.555555555555557	3.742857142857143
2017-04-21 02:00	282.85714285714283	16.37142857142857	80.77142857142857	53.088235294117645	18.63888888888889	3.2285714285714286
2017-04-21 03:00	277.14285714285717	13.428571428571429	93.42857142857143	44.96774193548387	20.694444444444443	2.5428571428571427
2017-04-21 04:00	248.57142857142858	11.485714285714286	101.97142857142858	41.392857142857146	20.194444444444443	2.3714285714285714
2017-04-21 05:00	245.71428571428572	11.342857142857143	105.37142857142857	35.625	19	2.4571428571428573
2017-04-21 06:00	242.85714285714286	12.657142857142857	106.51428571428572	35.8235294117647	16.36111111111111	2.4571428571428573
2017-04-21 07:00	240	12.485714285714286	107.22857142857143	32.2	18.055555555555557	2.4571428571428573
2017-04-21 08:00	235.2941176470588	12.705882352941176	105.8529411764706	29.8	15.142857142857142	2.5588235294117645
2017-04-21 09:00	251.42857142857142	13.411764705882353	105.4	30.633333333333333	15.742857142857142	2.4571428571428573
2017-04-21 10:00	270.5882352941176	18.12121212121212	99.8529411764706	34	15.2	2.3823529411764706
2017-04-21 11:00	297.05882352941177	27.11764705882353	88.88235294117646	55.1875	15.885714285714286	2.5588235294117645
2017-04-21 12:00	364.70588235294116	44.44117647058823	67	74	22.542857142857144	2.823529411764706
2017-04-21 13:00	406.06060606060606	51.90909090909091	52.78787878787879	83.625	24.647058823529413	3.0606060606060606
2017-04-21 14:00	420	52.42857142857143	51.02857142857143	90.5	30.305555555555557	3.8285714285714287
2017-04-21 15:00	417.14285714285717	47.457142857142856	53.114285714285714	83.3529411764706	29.833333333333332	5.685714285714286
2017-04-21 16:00	417.14285714285717	45.57142857142857	50.142857142857146	82.5	31.27777777777778	7.171428571428572
2017-04-21 17:00	434.2857142857143	54.542857142857144	36.17142857142857	85.82352941176471	34.25	7.285714285714286
2017-04-21 18:00	442.85714285714283	56.91428571428571	28.8	82.26470588235294	35.583333333333336	7.628571428571429
2017-04-21 19:00	434.2857142857143	59.628571428571426	23.2	85.17647058823529	34.44444444444444	7.285714285714286
2017-04-21 20:00	445.7142857142857	58.77142857142857	20.6	84.1470588235294	34.94444444444444	7.257142857142857
2017-04-21 21:00	477.14285714285717	60.371428571428574	15.4	86.29411764705883	36	6.514285714285714
2017-04-21 22:00	531.4285714285714	63.371428571428574	11	94.73529411764706	38.27777777777778	6.2
2017-04-21 23:00	582.8571428571429	62.51428571428571	12.228571428571428	107.8529411764706	40.72222222222222	8.714285714285714
2017-04-22 00:00	605.7142857142857	61.77142857142857	19.142857142857142	103.11764705882354	46.72222222222222	11.971428571428572
2017-04-22 01:00	605.7142857142857	63.57142857142857	28.02857142857143	103.42424242424242	52.77142857142857	12.342857142857143
2017-04-22 02:00	605.7142857142857	64.54285714285714	38.857142857142854	98.57575757575758	53.05555555555556	11.257142857142858
2017-04-22 03:00	548.5714285714286	55.17142857142857	59	92.03125	55	10.257142857142858
2017-04-22 04:00	476.47058823529414	38.411764705882355	84.1470588235294	93.1	48.6	9.558823529411764
2017-04-22 05:00	408.57142857142856	29.457142857142856	103.17142857142858	100.75757575757575	44.97222222222222	8.457142857142857
2017-04-22 06:00	385.7142857142857	23.542857142857144	115.88571428571429	120.51515151515152	40.4	8.028571428571428
2017-04-22 07:00	368.57142857142856	21.37142857142857	123.05714285714286	154.7941176470588	39.388888888888886	7.4
2017-04-22 08:00	360	21.428571428571427	126.37142857142857	182.91176470588235	42.888888888888886	8.2
2017-04-22 09:00	374.2857142857143	22.771428571428572	129.68571428571428	182.7941176470588	46.05555555555556	10.657142857142857
2017-04-22 10:00	365.7142857142857	24.085714285714285	127.68571428571428	180.02941176470588	45.361111111111114	10.514285714285714
2017-04-22 11:00	468.57142857142856	27.571428571428573	122.34285714285714	160.2941176470588	43.75	12.142857142857142
2017-04-22 12:00	514.2857142857143	31.02857142857143	111.57142857142857	131	39.02777777777778	13.114285714285714
2017-04-22 13:00	528.5714285714286	32.25714285714286	104.71428571428571	128.02941176470588	39.77777777777778	13.114285714285714
2017-04-22 14:00	545.7142857142857	31.8	99.94285714285714	141.35294117647058	43.94444444444444	13.742857142857142
2017-04-22 15:00	551.4285714285714	34.371428571428574	90.48571428571428	129.73529411764707	48.47222222222222	15.628571428571428
2017-04-22 16:00	554.2857142857143	38.114285714285714	80.02857142857142	120.26470588235294	50.05555555555556	15.142857142857142
2017-04-22 17:00	574.2857142857143	43.628571428571426	64.37142857142857	113.36363636363636	50.833333333333336	13.714285714285714
2017-04-22 18:00	477.14285714285717	45.8	50.142857142857146	87.94117647058823	41.94444444444444	8.257142857142858
2017-04-22 19:00	322.85714285714283	31.857142857142858	57.08571428571429	64.23529411764706	27.72222222222222	5.628571428571429
2017-04-22 20:00	274.2857142857143	25.97142857142857	61.77142857142857	57.205882352941174	19.86111111111111	4.257142857142857
2017-04-22 21:00	240	19.742857142857144	70.2	45.88235294117647	14.694444444444445	3.2
2017-04-22 22:00	240	20.97142857142857	70.42857142857143	46.45454545454545	14.305555555555555	3
2017-04-22 23:00	257.14285714285717	25.428571428571427	64.97142857142858	46.55882352941177	11.694444444444445	3.1714285714285713
2017-04-23 00:00	265.7142857142857	21.857142857142858	68.97142857142858	42.666666666666664	10.75	3
2017-04-23 01:00	274.2857142857143	18.542857142857144	78.57142857142857	41.75	10.472222222222221	3.057142857142857
2017-04-23 02:00	254.28571428571428	15.485714285714286	85.85714285714286	39.57575757575758	11.63888888888889	2.8857142857142857
2017-04-23 03:00	245.71428571428572	14.057142857142857	91.85714285714286	34.45454545454545	10.472222222222221	2.342857142857143
2017-04-23 04:00	245.71428571428572	13.8	98.08571428571429	33.78125	11.444444444444445	2.4
2017-04-23 05:00	245.71428571428572	13.742857142857142	104.17142857142858	34.74193548387097	14.86111111111111	2.4571428571428573
2017-04-23 06:00	245.71428571428572	14.857142857142858	109.11428571428571	41.935483870967744	14.555555555555555	2.4571428571428573
2017-04-23 07:00	247.05882352941177	16.323529411764707	113.8529411764706	51.3125	16.176470588235293	2.4705882352941178
2017-04-23 08:00	248.57142857142858	18.285714285714285	117.68571428571428	61.705882352941174	17.86111111111111	2.7142857142857144
2017-04-23 09:00	254.28571428571428	19.542857142857144	120.94285714285714	68.6470588235294	19.25	2.7142857142857144
2017-04-23 10:00	282.85714285714283	22.942857142857143	120.05714285714286	81.94117647058823	20.055555555555557	3
2017-04-23 11:00	402.85714285714283	29.114285714285714	113.11428571428571	119.05882352941177	22.22222222222222	4.628571428571429
2017-04-23 12:00	600	40.34285714285714	94.08571428571429	161.08823529411765	45.44444444444444	8.6
2017-04-23 13:00	737.1428571428571	44.42857142857143	80.54285714285714	144.23529411764707	44	9.685714285714285
2017-04-23 14:00	848.5714285714286	48.97142857142857	69	126.91176470588235	44.77777777777778	10.4
2017-04-23 15:00	871.4285714285714	52.34285714285714	61.02857142857143	129.47058823529412	47.97222222222222	10.771428571428572
2017-04-23 16:00	920	60.6	46.77142857142857	133.05882352941177	52.888888888888886	10.17142857142857
2017-04-23 17:00	914.2857142857143	65.28571428571429	35.8	123.79411764705883	55.861111111111114	8.82857142857143
2017-04-23 18:00	857.1428571428571	68.8	26.6	121.0909090909091	58.27777777777778	7.771428571428571
2017-04-23 19:00	908.5714285714286	68.48571428571428	22.885714285714286	120.03030303030303	59.02777777777778	8.2
2017-04-23 20:00	1011.4285714285714	66.82857142857142	21.914285714285715	107.63636363636364	62.94444444444444	10
2017-04-23 21:00	1062.857142857143	65.77142857142857	20.914285714285715	103.51515151515152	64.91666666666667	10.571428571428571
2017-04-23 22:00	1097.142857142857	66.97142857142858	20.2	103.94117647058823	63.388888888888886	10.285714285714286
2017-04-23 23:00	1080	66	24.37142857142857	112.17647058823529	63.97222222222222	12.82857142857143
2017-04-24 00:00	854.2857142857143	55.77142857142857	44.51428571428571	105.8529411764706	59.5	13.514285714285714
2017-04-24 01:00	531.4285714285714	39.714285714285715	68.88571428571429	76.12903225806451	53.285714285714285	7.885714285714286
2017-04-24 02:00	385.7142857142857	25.2	89.02857142857142	67.72727272727273	43.388888888888886	4.171428571428572
2017-04-24 03:00	277.14285714285717	15.314285714285715	101.11428571428571	112.7741935483871	31.02857142857143	2.8285714285714287
2017-04-24 04:00	252.94117647058823	13.264705882352942	107.55882352941177	116.125	32.85294117647059	2.3529411764705883
2017-04-24 05:00	225.71428571428572	11.714285714285714	112.14285714285714	125.31428571428572	30.37142857142857	2.4285714285714284
2017-04-24 06:00	208.57142857142858	10.8	116.65714285714286	97.6470588235294	22.5	2.2857142857142856
2017-04-24 07:00	202.85714285714286	10.571428571428571	119.28571428571429	82.70588235294117	26.428571428571427	2.2285714285714286
2017-04-24 08:00	191.1764705882353	10.352941176470589	119.36363636363636	63.2	23.735294117647058	2.235294117647059
2017-04-24 09:00	202.85714285714286	11.17142857142857	116.65714285714286	57.75	16.085714285714285	2.2
2017-04-24 10:00	205.71428571428572	13.294117647058824	107.85714285714286	49.8125	15.75	2.142857142857143
2017-04-24 11:00	220	15.342857142857143	105.22857142857143	46.93939393939394	14.305555555555555	2.085714285714286
2017-04-24 12:00	225.71428571428572	17.457142857142856	97.54285714285714	45.9375	13.36111111111111	2.085714285714286
2017-04-24 13:00	222.85714285714286	18.97142857142857	89.57142857142857	41.78125	14.444444444444445	2.1142857142857143
2017-04-24 14:00	202.85714285714286	16	85.71428571428571	43.84375	13.805555555555555	2.085714285714286
2017-04-24 15:00	185.71428571428572	13.457142857142857	81.68571428571428	45.84848484848485	10.527777777777779	2.085714285714286
2017-04-24 16:00	185.71428571428572	13.857142857142858	75.51428571428572	39.75757575757576	10.333333333333334	2.057142857142857
2017-04-24 17:00	200	15	69.08571428571429	38.78787878787879	11.61111111111111	2.057142857142857
2017-04-24 18:00	188.57142857142858	18.314285714285713	62.05714285714286	36.21212121212121	12.416666666666666	2.342857142857143
2017-04-24 19:00	174.28571428571428	18.4	60.65714285714286	34.84848484848485	12.25	2.3142857142857145
2017-04-24 20:00	180	21.82857142857143	55.17142857142857	35.83870967741935	12.916666666666666	2.4571428571428573
2017-04-24 21:00	202.85714285714286	25.485714285714284	51.457142857142856	36.645161290322584	12.583333333333334	2.942857142857143
2017-04-24 22:00	248.57142857142858	30.17142857142857	46.2	37.81818181818182	12.194444444444445	3.2285714285714286
2017-04-24 23:00	311.42857142857144	36.2	39.371428571428574	47.90909090909091	14.194444444444445	3.942857142857143
2017-04-25 00:00	331.42857142857144	31.742857142857144	45.17142857142857	40.84848484848485	14.472222222222221	4.285714285714286
2017-04-25 01:00	337.14285714285717	27.142857142857142	51.542857142857144	36.61290322580645	15.055555555555555	4.3428571428571425
2017-04-25 02:00	317.14285714285717	22.11764705882353	57.22857142857143	38.03125	13.777777777777779	3.8857142857142857
2017-04-25 03:00	285.29411764705884	17.676470588235293	63.14705882352941	27.580645161290324	11.914285714285715	3.1176470588235294
2017-04-25 04:00	291.42857142857144	17.8	64.97058823529412	25.903225806451612	10.529411764705882	2.8857142857142857
2017-04-25 05:00	288.57142857142856	15.771428571428572	69.02941176470588	22.96551724137931	10.909090909090908	3.142857142857143
2017-04-25 06:00	268.57142857142856	14.657142857142857	73.55882352941177	23.379310344827587	13.083333333333334	2.942857142857143
2017-04-25 07:00	285.7142857142857	13.411764705882353	79.48571428571428	21.51851851851852	12.971428571428572	2.7142857142857144
2017-04-25 08:00	248.57142857142858	12.764705882352942	85.65714285714286	23.214285714285715	11.882352941176471	2.4857142857142858
2017-04-25 09:00	235.2941176470588	13	89.3529411764706	25.666666666666668	12.352941176470589	2.6
2017-04-25 10:00	255.88235294117646	17.235294117647058	87.31428571428572	35.36	12.823529411764707	2.6
2017-04-25 11:00	296.969696969697	26.242424242424242	74.1470588235294	48.03125	15.454545454545455	2.5294117647058822
2017-04-25 12:00	394.11764705882354	39.1764705882353	56.02857142857143	66.3529411764706	20.514285714285716	2.7142857142857144
2017-04-25 13:00	382.85714285714283	47.73529411764706	43.371428571428574	76.26470588235294	22.571428571428573	2.857142857142857
2017-04-25 14:00	391.42857142857144	52.5	33.97142857142857	70.18181818181819	23.38235294117647	3
2017-04-25 15:00	414.2857142857143	58.23529411764706	26.057142857142857	72.32352941176471	26.885714285714286	3.1142857142857143
2017-04-25 16:00	428.57142857142856	63.294117647058826	18.428571428571427	72.88235294117646	27.65714285714286	3.6
2017-04-25 17:00	428.57142857142856	61.64705882352941	17.228571428571428	63.205882352941174	24.685714285714287	3.3142857142857145
2017-04-25 18:00	394.2857142857143	58.23529411764706	19.314285714285713	56.94117647058823	20.314285714285713	3.7714285714285714
2017-04-25 19:00	385.7142857142857	57.94117647058823	16.771428571428572	51.78787878787879	20.97142857142857	3.5714285714285716
2017-04-25 20:00	371.42857142857144	56.705882352941174	17.885714285714286	45.85294117647059	19.11764705882353	3.857142857142857
2017-04-25 21:00	365.7142857142857	51.911764705882355	21.542857142857144	47.55882352941177	18.235294117647058	3.4857142857142858
2017-04-25 22:00	380	50.55882352941177	22.514285714285716	53.88235294117647	19.257142857142856	3.942857142857143
2017-04-25 23:00	444.11764705882354	49.81818181818182	24.058823529411764	60.72727272727273	22.058823529411764	6.911764705882353
2017-04-26 00:00	477.14285714285717	40.470588235294116	39.714285714285715	57.411764705882355	21.8	7.914285714285715
2017-04-26 01:00	331.42857142857144	23.058823529411764	67.94285714285714	46.516129032258064	16.514285714285716	4.742857142857143
2017-04-26 02:00	277.14285714285717	12.617647058823529	87.45714285714286	34.935483870967744	12.194444444444445	3
2017-04-26 03:00	265.7142857142857	10.911764705882353	91.34285714285714	28.939393939393938	12.944444444444445	2.942857142857143
2017-04-26 04:00	257.14285714285717	9.911764705882353	96.6	23.333333333333332	12.441176470588236	2.8
2017-04-26 05:00	257.14285714285717	8.685714285714285	101.85714285714286	27.066666666666666	11.235294117647058	2.7714285714285714
2017-04-26 06:00	251.42857142857142	8.428571428571429	105.82857142857142	28.419354838709676	10.916666666666666	2.8857142857142857
2017-04-26 07:00	245.71428571428572	9.2	107.82857142857142	23.84375	12.583333333333334	2.7714285714285714
2017-04-26 08:00	234.28571428571428	9.6	108.48571428571428	32.515151515151516	10.472222222222221	2.742857142857143
2017-04-26 09:00	225.71428571428572	10.942857142857143	105.97142857142858	36.57575757575758	13.88888888888889	2.7714285714285714
2017-04-26 10:00	237.14285714285714	12.942857142857143	102.65714285714286	40.483870967741936	15.314285714285715	2.657142857142857
2017-04-26 11:00	245.71428571428572	16.228571428571428	96.2	40.935483870967744	13.61111111111111	2.6
2017-04-26 12:00	262.85714285714283	23.457142857142856	84.45714285714286	46.94117647058823	13.277777777777779	2.6
2017-04-26 13:00	302.85714285714283	31.685714285714287	71.22857142857143	50.35294117647059	13.166666666666666	2.5142857142857142
2017-04-26 14:00	325.7142857142857	39.6	59.142857142857146	49.23529411764706	15.972222222222221	2.6857142857142855
2017-04-26 15:00	328.57142857142856	46.74285714285714	46.114285714285714	48.294117647058826	15.944444444444445	2.657142857142857
2017-04-26 16:00	368.57142857142856	57.91428571428571	30.82857142857143	53.088235294117645	17.61111111111111	3.1714285714285713
2017-04-26 17:00	391.42857142857144	62.542857142857144	23.685714285714287	54.72727272727273	29	3.5428571428571427
2017-04-26 18:00	360	59.285714285714285	22.82857142857143	49.27272727272727	24.333333333333332	3.5428571428571427
2017-04-26 19:00	314.2857142857143	58.17142857142857	22.914285714285715	47.696969696969695	21.194444444444443	3.7714285714285714
2017-04-26 20:00	317.14285714285717	55.05714285714286	25.65714285714286	45.15625	19.52777777777778	4.285714285714286
2017-04-26 21:00	329.4117647058824	55.05882352941177	24	42.515151515151516	18.65714285714286	4.264705882352941
2017-04-26 22:00	357.14285714285717	56.02857142857143	23.8	51.44117647058823	19.61111111111111	4.6
2017-04-26 23:00	428.57142857142856	53.714285714285715	27.285714285714285	59.5	23.11111111111111	5.771428571428571
2017-04-27 00:00	434.2857142857143	45.08571428571429	41.371428571428574	57.529411764705884	23.305555555555557	5.3428571428571425
2017-04-27 01:00	351.42857142857144	31.885714285714286	61.05714285714286	47.75757575757576	20.22222222222222	4.257142857142857
2017-04-27 02:00	277.14285714285717	19.8	81	34.21875	17.444444444444443	3.4
2017-04-27 03:00	251.42857142857142	14.885714285714286	93.65714285714286	31.586206896551722	16.38235294117647	3.257142857142857
2017-04-27 04:00	242.85714285714286	12.030303030303031	102.88571428571429	29.25925925925926	14.294117647058824	3.1142857142857143
2017-04-27 05:00	231.42857142857142	10.8	110.3529411764706	27.958333333333332	12.727272727272727	3.057142857142857
2017-04-27 06:00	217.14285714285714	10.714285714285714	111.74285714285715	37.03703703703704	16.235294117647058	3.1142857142857143
2017-04-27 07:00	211.42857142857142	10.885714285714286	113.08571428571429	48.36666666666667	18.205882352941178	3.085714285714286
2017-04-27 08:00	194.28571428571428	11.2	112.68571428571428	53.62068965517241	17.8	3.0285714285714285
2017-04-27 09:00	194.28571428571428	12.085714285714285	109.54285714285714	63.483870967741936	19.235294117647058	3.4
2017-04-27 10:00	209.0909090909091	14	105.20588235294117	64.38709677419355	17.515151515151516	3.411764705882353
2017-04-27 11:00	225.71428571428572	16.571428571428573	99.42857142857143	62.63636363636363	20.166666666666668	3.4285714285714284
2017-04-27 12:00	288.57142857142856	28.914285714285715	80.08823529411765	67.67647058823529	16.257142857142856	3.5142857142857142
2017-04-27 13:00	408.57142857142856	51.25714285714286	51.34285714285714	80.63636363636364	28.457142857142856	3.7142857142857144
2017-04-27 14:00	465.7142857142857	60.34285714285714	38.68571428571428	89.39393939393939	32.02857142857143	4.428571428571429
2017-04-27 15:00	511.42857142857144	63.22857142857143	32.42857142857143	82.27272727272727	28.257142857142856	4.9714285714285715
2017-04-27 16:00	500	65.48571428571428	28.057142857142857	97.5	27.914285714285715	5.142857142857143
2017-04-27 17:00	528.5714285714286	69.45714285714286	21.542857142857144	92	32.457142857142856	5.6571428571428575
2017-04-27 18:00	454.2857142857143	66.11428571428571	21.885714285714286	80.29032258064517	26.514285714285716	4.9714285714285715
2017-04-27 19:00	380	64.17142857142858	23.257142857142856	74.47058823529412	22.942857142857143	4.914285714285715
2017-04-27 20:00	329.4117647058824	59.970588235294116	26.9375	61.4375	23.58823529411765	5.088235294117647
2017-04-27 21:00	354.2857142857143	57.48571428571429	26.8	61.064516129032256	20.714285714285715	4.685714285714286
2017-04-27 22:00	400	56.82857142857143	26.97142857142857	68.4375	23.885714285714286	5.2
2017-04-27 23:00	500	58.285714285714285	24.771428571428572	85.0909090909091	27.057142857142857	5.628571428571429
2017-04-28 00:00	502.94117647058823	54.411764705882355	32.85294117647059	82.72413793103448	28.606060606060606	6.617647058823529
2017-04-28 01:00	442.85714285714283	42.65714285714286	52.17142857142857	61.14705882352941	25.02777777777778	5.857142857142857
2017-04-28 02:00	368.57142857142856	28.457142857142856	73.17142857142858	59.54838709677419	26	5.0285714285714285
2017-04-28 03:00	340	22.714285714285715	86.73529411764706	45.81481481481482	22.666666666666668	4.575757575757576
2017-04-28 04:00	317.6470588235294	19.87878787878788	100.97058823529412	48.8125	21.705882352941178	4.823529411764706
2017-04-28 05:00	281.8181818181818	16.38235294117647	113.84848484848484	48.4	21.705882352941178	4.424242424242424
2017-04-28 06:00	291.1764705882353	15.558823529411764	121.42424242424242	48.294117647058826	19.941176470588236	4.228571428571429
2017-04-28 07:00	277.14285714285717	16.142857142857142	124.2	60.45161290322581	23.61764705882353	4.3428571428571425
2017-04-28 08:00	273.52941176470586	18.058823529411764	125.76470588235294	78.76470588235294	28.057142857142857	4.454545454545454
2017-04-28 09:00	284.8484848484849	23.303030303030305	131.72727272727272	77.1470588235294	30.8	4.470588235294118
2017-04-28 10:00	338.2352941176471	26.205882352941178	121	86.65714285714286	34.15151515151515	4.794117647058823
2017-04-28 11:00	332.3529411764706	31.764705882352942	102.75757575757575	90.875	28.6	4.676470588235294
2017-04-28 12:00	322.85714285714283	33.42857142857143	80.14285714285714	82.1470588235294	27.914285714285715	4.942857142857143
2017-04-28 13:00	288.57142857142856	28.485714285714284	71.31428571428572	84.38235294117646	29.37142857142857	4.142857142857143
2017-04-28 14:00	314.2857142857143	34.08571428571429	59.68571428571428	74.52941176470588	32.77777777777778	3.9411764705882355
2017-04-28 15:00	382.3529411764706	48.91428571428571	38.4	89.57142857142857	30.02777777777778	4.114285714285714
2017-04-28 16:00	422.85714285714283	59.05714285714286	24.514285714285716	88.78787878787878	31.6	4.485714285714286
2017-04-28 17:00	441.1764705882353	59.44117647058823	24.205882352941178	91.75757575757575	35.457142857142856	5.117647058823529
2017-04-28 18:00	437.14285714285717	58.31428571428572	23.02857142857143	89.54545454545455	35.416666666666664	5.2
2017-04-28 19:00	431.42857142857144	59.42857142857143	22.542857142857144	93.65625	37.22222222222222	5.0285714285714285
2017-04-28 20:00	429.4117647058824	63.088235294117645	19.233333333333334	80.87878787878788	35.64705882352941	5
2017-04-28 21:00	451.42857142857144	61.34285714285714	16.857142857142858	94.90625	37.80555555555556	5.3428571428571425
2017-04-28 22:00	540	60.48571428571429	18.571428571428573	94.02857142857142	36.22222222222222	5.6
2017-04-28 23:00	611.4285714285714	60.74285714285714	18.2	119.47058823529412	42.22222222222222	6.3428571428571425
2017-04-29 00:00	614.2857142857143	62.74285714285714	20.857142857142858	114.34375	47.083333333333336	7.285714285714286
2017-04-29 01:00	511.7647058823529	54.26470588235294	37.705882352941174	94.7	40.82857142857143	5.588235294117647
2017-04-29 02:00	414.70588235294116	44.205882352941174	58.76470588235294	82.06666666666666	36.84848484848485	4.323529411764706
2017-04-29 03:00	311.42857142857144	26.114285714285714	86.82857142857142	71.84848484848484	32.76470588235294	3.5714285714285716
2017-04-29 04:00	282.85714285714283	20.942857142857143	103.22857142857143	71.9375	31.37142857142857	3.4
2017-04-29 05:00	265.7142857142857	16.942857142857143	115	69.36666666666666	33.878787878787875	3.4285714285714284
2017-04-29 06:00	251.42857142857142	15.2	121.34285714285714	75.625	33.333333333333336	3.4285714285714284
2017-04-29 07:00	240	14.942857142857143	124.88571428571429	79.72727272727273	36.05882352941177	3.3714285714285714
2017-04-29 08:00	248.57142857142858	16.65714285714286	131.14705882352942	91.81818181818181	34.911764705882355	3.2857142857142856
2017-04-29 09:00	251.42857142857142	18.2	134.6	122.5	41.588235294117645	3.6
2017-04-29 10:00	271.42857142857144	22.676470588235293	131.82857142857142	139.33333333333334	42.029411764705884	3.9714285714285715
2017-04-29 11:00	311.42857142857144	27.428571428571427	121.4	139.37142857142857	50.25714285714286	5.285714285714286
2017-04-29 12:00	360	33.371428571428574	102.8	132.4848484848485	48.05714285714286	5.857142857142857
2017-04-29 13:00	411.42857142857144	38.48571428571429	93.82857142857142	155.25714285714287	56.47222222222222	8.114285714285714
2017-04-29 14:00	477.14285714285717	46.31428571428572	82.42857142857143	150.88571428571427	52.52777777777778	9.914285714285715
2017-04-29 15:00	494.2857142857143	57.05714285714286	58.1764705882353	135.2941176470588	52.65714285714286	9.057142857142857
2017-04-29 16:00	565.7142857142857	67.42857142857143	39.2	140.2941176470588	54.77142857142857	7.9714285714285715
2017-04-29 17:00	545.7142857142857	73.91428571428571	27.714285714285715	126.87096774193549	55.77777777777778	7.085714285714285
2017-04-29 18:00	482.85714285714283	72.08571428571429	24.142857142857142	114.4074074074074	53.65714285714286	5.857142857142857
2017-04-29 19:00	442.85714285714283	69.14285714285714	26.085714285714285	96.20689655172414	54.666666666666664	5.142857142857143
2017-04-29 20:00	397.14285714285717	67.57142857142857	26.78787878787879	95.3030303030303	50.111111111111114	4.828571428571428
2017-04-29 21:00	405.7142857142857	68.25714285714285	21.529411764705884	97.45714285714286	41.638888888888886	4.3428571428571425
2017-04-29 22:00	451.42857142857144	70.88571428571429	18.771428571428572	107.11428571428571	43.19444444444444	4.542857142857143
2017-04-29 23:00	487.8787878787879	66.9090909090909	23.12121212121212	123.09375	47.705882352941174	5.2727272727272725
2017-04-30 00:00	654.2857142857143	55.48571428571429	38.05714285714286	158.72727272727272	58.25714285714286	9.685714285714285
