Timestamp (UTC)	Qinhuangdao co	Qinhuangdao no2	Qinhuangdao o3	Qinhuangdao pm10	Qinhuangdao pm25	Qinhuangdao so2
2017-03-31 01:00	959.8	53.2	70	70.8	45.8	37
2017-03-31 02:00	978.2	37.6	88.8	61	33.8	22.4
2017-03-31 03:00	642.6	21	107.2	41.6	30.4	13.2
2017-03-31 04:00	585.75	17	116.2	34.6	24.6	11.8
2017-03-31 05:00	571.4	23.4	113.8	40.4	26.2	12
2017-03-31 06:00	606.6	23.8	120	45.4	28.6	12.6
2017-03-31 07:00	577.4	22.6	126.8	49.4	30.4	12.2
2017-03-31 08:00	588.8	21	132.6	53.6	27.8	11
2017-03-31 09:00	534.2	19.6	129	48.4	26.4	10.8
2017-03-31 10:00	607.6	22.4	123.8	49.8	28.8	11.4
2017-03-31 11:00	722.2	31.8	120.8	61.2	36.2	14.6
2017-03-31 12:00	1029.4	49.8	93	78.2	41.6	17.4
2017-03-31 13:00	1294.8	60.8	75	101.8	50.4	21.2
2017-03-31 14:00	1429.2	64.6	61.6	115.4	69.2	21.4
2017-03-31 15:00	1551.6	81.8	38.6	128	78	24.8
2017-03-31 16:00	1742.8	96	22.6	137.8	76	31.6
2017-03-31 17:00	1802.8	105.2	11.2	146.8	70.2	31.6
2017-03-31 18:00	1747.4	99.2	12.2	144.4	78.6	34.6
2017-03-31 19:00	1657.8	94.4	11.6	134.4	65	39.2
2017-03-31 20:00	1652.4	96.6	7.8	120.4	67.6	29.2
2017-03-31 21:00	1660.6	102.4	3.8	130.6	64.8	28.4
2017-03-31 22:00	1823.4	98	3.8	122.8	64	33
2017-03-31 23:00	1728.8	97	4.4	107.4	59.6	42.4
2017-04-01 00:00	1435	96.6	13.2	101.4	53.6	50.8
2017-04-01 01:00	1491.4	89.4	27.6	100.2	48	45.2
2017-04-01 02:00	1002.2	65.2	56.8	60	42.8	28.8
2017-04-01 03:00	747	53.6	69.6	64	32.2	25.2
2017-04-01 04:00	660.6	45.4	79.2	55.6	26	19
2017-04-01 05:00	593.6	31.8	98.2	51.2	24.4	19.6
2017-04-01 06:00	553.6	25	112	50.8	28.2	20.8
2017-04-01 07:00	566	23.6	121.4	47.6	25	21.8
2017-04-01 08:00	737.6	28	133.2	64.4	33.8	25.6
2017-04-01 09:00	890.4	35.2	138.4	80.8	42.6	26.2
2017-04-01 10:00	883	39.8	138.6	72.6	43.4	23.2
2017-04-01 11:00	885.8	35	138	68	45.6	18.8
2017-04-01 12:00	895	42.2	124.8	75.4	47.2	19.2
2017-04-01 13:00	995.6	68.8	99	84.6	49.2	20.8
2017-04-01 14:00	1059.6	75.8	87.6	93.8	59.6	22.4
2017-04-01 15:00	1260.8	109.2	46	111.4	73	35
2017-04-01 16:00	1335.8	118.6	28.4	111.2	68.6	33.2
2017-04-01 17:00	1465.2	102.8	28	145.2	65.6	35.4
2017-04-01 18:00	1424.2	90	23	139.6	56.2	35.2
2017-04-01 19:00	1504.2	97	14	136.2	54.6	31.4
2017-04-01 20:00	1429.4	96	8.6	131	60.4	36
2017-04-01 21:00	1381	88	17.8	94.4	47	33.8
2017-04-01 22:00	1262.8	84.2	19.8	88.4	40.4	34.2
2017-04-01 23:00	1589.6	86.6	14.4	132.4	45.2	61.6
2017-04-02 00:00	1918.8	87.4	17.2	138.4	49.8	71.6
2017-04-02 01:00	2522	82.4	31.4	114.4	49	71.4
2017-04-02 02:00	3041	70	52.8	86.4	40.8	68.2
2017-04-02 03:00	3357.6	68.6	66	101.8	45.6	86.2
2017-04-02 04:00	3509	76.4	71.6	118	56.8	80.4
2017-04-02 05:00	2828.6	60.2	96.6	114.8	48.2	58.8
2017-04-02 06:00	1952.4	44.6	112.8	74.4	42.2	38.6
2017-04-02 07:00	1640.8	48.6	108.2	91.8	44.6	36
2017-04-02 08:00	1423.4	44.8	119	94	44.4	33.4
2017-04-02 09:00	1341.4	49.8	127.4	102.2	48	39.4
2017-04-02 10:00	1264.2	53.8	130.4	109.4	52.8	40.2
2017-04-02 11:00	1235	60.6	127.6	116	68	39.2
2017-04-02 12:00	1298.6	71.4	106.4	119.6	74.4	34.8
2017-04-02 13:00	1268.2	81.2	81.2	135.4	88.2	35.8
2017-04-02 14:00	1588	82.4	67	160	109.8	39
2017-04-02 15:00	1598.6	96.6	48.4	187.4	118.6	44.8
2017-04-02 16:00	2151.8	117.6	33.6	215	146.4	56.2
2017-04-02 17:00	2299.8	118.4	37.2	220.8	149	67.8
2017-04-02 18:00	2469.4	124.8	18.8	246.8	161	61.8
2017-04-02 19:00	2680.8	119.4	19.6	254.2	148.8	61.6
2017-04-02 20:00	2869.4	114.2	15.2	268.4	147	60.8
2017-04-02 21:00	3622.2	113.6	17.6	250.6	131	68.4
2017-04-02 22:00	4374.8	118.8	14	248.4	153.6	80.2
2017-04-02 23:00	4531.8	119.4	9.4	267	150	92
2017-04-03 00:00	4561.2	113.4	13.6	280.4	152.2	111.4
2017-04-03 01:00	4457	116.2	17.4	283.4	145	109
2017-04-03 02:00	5051.6	132.2	32.2	285.8	167.8	103
2017-04-03 03:00	4775.4	128.6	62.4	284	170.4	98.2
2017-04-03 04:00	3794	102.4	83.4	206.8	124.4	82.8
2017-04-03 05:00	2768.4	69.4	137	169.4	91.2	69.6
2017-04-03 06:00	1787.8	48.6	165.8	134.2	72	44.8
2017-04-03 07:00	1329.8	41	170	103.4	60	28.8
2017-04-03 08:00	1034.2	31.4	183.8	96	54	24.4
2017-04-03 09:00	951.4	28.2	193.2	113.2	66.2	25.8
2017-04-03 10:00	872.6	34.4	194.4	119	79	29.2
2017-04-03 11:00	956.6	36.6	192.6	133.4	73.2	28.6
2017-04-03 12:00	885	41	183.2	121.2	81	26.8
2017-04-03 13:00	1026.8	48	174.2	142.4	94.6	30
2017-04-03 14:00	1188.4	59	158.6	160.4	122.4	36.8
2017-04-03 15:00	1113.6	53.6	156	144.2	97	34.4
2017-04-03 16:00	1145	41.4	176.4	153	101.2	31.8
2017-04-03 17:00	1040.6	61.4	152.6	151.2	108.8	31
2017-04-03 18:00	1001.8	49.8	144.4	147.6	102.2	28.8
2017-04-03 19:00	866.6	40.6	153.4	123.6	82	27.2
2017-04-03 20:00	1057.4	52	129	132.2	88.6	28.2
2017-04-03 21:00	1168.2	67.4	100	147.8	95.2	32.2
2017-04-03 22:00	1359.2	90.2	74.6	171.4	110	32
2017-04-03 23:00	1264	110.4	50.2	188.8	116.6	32
2017-04-04 00:00	1543.4	108.6	42	195.2	119.2	39
2017-04-04 01:00	1288.2	77.2	71	172.8	106.2	40.2
2017-04-04 02:00	1123.2	73.2	77.8	167.4	107.6	41.2
2017-04-04 03:00	909.8	61.8	81.8	135.8	90.6	42
2017-04-04 04:00	872.8	53.6	79.4	143	92.8	38.6
2017-04-04 05:00	936.8	55.4	96	129	80.75	44.2
2017-04-04 06:00	1028.6	62	83.8	150.6	97.75	37.2
2017-04-04 07:00	1046.8	68	72.2	184.75	114.25	31.2
2017-04-04 08:00	1153.2	79	73.6	178.75	117	40.8
2017-04-04 09:00	1237.2	82.4	92	174.6	99.2	40.6
2017-04-04 10:00	1178.4	77.6	104	159.2	103.4	34.4
2017-04-04 11:00	1282.6	66	120.4	142	81.6	32.4
2017-04-04 12:00	909.6	49.4	132.4	106.6	63.4	24.2
2017-04-04 13:00	853.8	35.4	138.2	84	52.8	20.2
2017-04-04 14:00	663.2	30	135	77.2	46.6	18.8
2017-04-04 15:00	650.4	28.8	128.6	73.6	42	18.2
2017-04-04 16:00	580.4	31.4	117.4	64.8	39.2	18
2017-04-04 17:00	585.8	29.4	109.4	76	36.6	16.6
2017-04-04 18:00	500.8	25.6	95.2	66	34.2	15.6
2017-04-04 19:00	538.8	29	89.2	79.6	32.6	17.6
2017-04-04 20:00	495.8	23.2	93.4	59.4	31	15.6
2017-04-04 21:00	375	19	100.4	57.6	27.6	14
2017-04-04 22:00	352.4	19	102.8	37.4	23.6	12.6
2017-04-04 23:00	346.4	18.4	102.2	36.4	22	13.6
2017-04-05 00:00	422.4	32.6	87.6	49.2	19.8	13.8
2017-04-05 01:00	498.4	47.8	68.2	57.2	27	14.8
2017-04-05 02:00	576.2	55	65.6	53.8	28.2	15.4
2017-04-05 03:00	470.2	49.8	72.4	69.6	32	16.4
2017-04-05 04:00	485	50.25	69	50	30.75	16.5
2017-04-05 05:00	438.8	37.6	88	47.6	24.8	20.6
2017-04-05 06:00	378.2	22.2	104.8	38.4	20.2	18.4
2017-04-05 07:00	327	12.6	118.4	26.8	14	17.2
2017-04-05 08:00	324.2	13.2	122	22.4	10.8	14.6
2017-04-05 09:00	305.8	12.6	122.2	20.2	11.2	12.2
2017-04-05 10:00	332.2	14.4	118.2	24.8	12	13.2
2017-04-05 11:00	395.4	21	108.4	31.6	16.6	12.8
2017-04-05 12:00	458.4	31.2	92.8	41.2	23.8	12.6
2017-04-05 13:00	492.2	42.2	76.2	64	34	13.8
2017-04-05 14:00	542.4	42	73.4	61.2	36	18
2017-04-05 15:00	468.4	26	85	53.6	33.4	14
2017-04-05 16:00	469	18.6	90.4	44.2	30.2	12.6
2017-04-05 17:00	534.8	15.8	94.4	36	24.6	11
2017-04-05 18:00	410.2	12.2	93.4	29.8	21.6	10.2
2017-04-05 19:00	489	14.8	87.6	35	21.6	9.6
2017-04-05 20:00	464.6	22.2	65.4	52.6	29.8	10.4
2017-04-05 21:00	1139	37.6	40	115.2	59.8	12
2017-04-05 22:00	2281.2	48.8	21	160.6	87.2	14.6
2017-04-05 23:00	2733.8	58.2	13.6	167.4	106.6	16.2
2017-04-06 00:00	3379.6	64	13.6	167	110	19.6
2017-04-06 01:00	3281	61	26.6	161.6	106.8	22.8
2017-04-06 02:00	2891.4	56.2	46	157	99.8	28.6
2017-04-06 03:00	2509.4	51.2	59.2	156.75	88.75	31
2017-04-06 04:00	2309.6	50.2	68.4	155.8	99.4	31.6
2017-04-06 05:00	2216	51.4	75	170.8	101.2	31.4
2017-04-06 06:00	2099.25	50.4	84.4	142.2	91.8	31.4
2017-04-06 07:00	2115	50.8	86.4	171.8	113	28.2
2017-04-06 08:00	1490.2	49.8	70.2	136.8	88.4	25
2017-04-06 09:00	1288.6	51.2	77.2	134.6	98.2	20.6
2017-04-06 10:00	1269	54.4	95	144.2	97.4	23.4
2017-04-06 11:00	1158.6	41.6	109.6	128.4	75	20.8
2017-04-06 12:00	1107.2	49.8	84.4	122.2	59.6	17.8
2017-04-06 13:00	1034.6	64.8	55	107.8	60	16.4
2017-04-06 14:00	918.6	53.4	56.6	96.8	56.4	15.6
2017-04-06 15:00	739.2	56	50.6	91.4	47	12.8
2017-04-06 16:00	697.6	53.8	45	91.2	44.4	12.2
2017-04-06 17:00	781	63	32.2	96.4	41.2	13
2017-04-06 18:00	864.8	79.6	14	94.6	43	13.6
2017-04-06 19:00	868.2	81.8	11.2	114	45.2	14
2017-04-06 20:00	896.2	81.2	10.4	122.6	48.6	15
2017-04-06 21:00	1042.2	76	13.8	120.2	42.8	16.4
2017-04-06 22:00	865.6	52.4	31.2	100.8	44.8	14.4
2017-04-06 23:00	868	52.2	28.6	101.8	48	15.2
2017-04-07 00:00	976	72	13.6	133	57.2	18.6
2017-04-07 01:00	820.6	63	23.2	101.8	53.4	21
2017-04-07 02:00	729.2	51.4	43.4	85.8	48.4	28.8
2017-04-07 03:00	660.4	55.5	56.4	85.4	45	30
2017-04-07 04:00	641.2	47.2	60	67.2	37.6	37.5
2017-04-07 05:00	587.6	37	79.2	54.4	32.2	41
2017-04-07 06:00	517.6	30	91.8	58.4	31.4	30.2
2017-04-07 07:00	500.4	28	101	63.8	36.4	28.2
2017-04-07 08:00	491	24.2	113.6	65	38.8	16.2
2017-04-07 09:00	504.8	26.4	115	71.8	43.2	15.2
2017-04-07 10:00	555.2	30.6	106.8	87.4	48.4	14
2017-04-07 11:00	605.2	30.8	102.8	87	50.2	12.8
2017-04-07 12:00	677.2	32	99.8	95.8	53	10
2017-04-07 13:00	832.6	37.2	93.2	118.2	63.2	9.6
2017-04-07 14:00	956	52	66.8	140	81.4	11.4
2017-04-07 15:00	1373.6	77.4	30.6	157.2	96	15.4
2017-04-07 16:00	1853.8	95.8	11.2	177.6	98.8	19.2
2017-04-07 17:00	2191.2	94.6	8.2	185.8	114	23.4
2017-04-07 18:00	2402.2	86.6	11.8	182.6	110.6	27.8
2017-04-07 19:00	2603	92	6.2	176.2	97	32
2017-04-07 20:00	2714.4	90	8.4	179.6	111.4	34
2017-04-07 21:00	2306.6	94.6	5.6	184.6	108.4	31.2
2017-04-07 22:00	1267.8	76.8	15	142.6	84	20.8
2017-04-07 23:00	987.4	65.8	21	128.2	69.4	17.4
2017-04-08 00:00	567.4	42.2	47	86.2	43.8	15.6
2017-04-08 01:00	363.4	17.8	81.6	132	26.6	8.2
2017-04-08 02:00	317.4	16.8	85.6	106	20	6.2
2017-04-08 03:00	383.25	14.8	87.4	67.8	12.8	5.4
2017-04-08 04:00	303.8	14.2	88.2	45.2	10.4	5.2
2017-04-08 05:00	330.8	12.6	91.6	41.8	8.4	5
2017-04-08 06:00	333.4	12.4	94	34	8	4.4
2017-04-08 07:00	333	14.8	94.4	31.2	9	5
2017-04-08 08:00	359.4	21	88.4	46	8.8	10.8
2017-04-08 09:00	366.6	19.4	91.6	39.2	9.6	8.8
2017-04-08 10:00	373	21.4	91.6	47	11.4	8.8
2017-04-08 11:00	414.8	30.4	78.6	49.6	16.4	13.6
2017-04-08 12:00	445	40.8	67.2	50.4	16.4	9.8
2017-04-08 13:00	690.6	64.8	43	68.2	18.8	13.2
2017-04-08 14:00	982.8	89.6	18	90.6	22.4	19.4
2017-04-08 15:00	1114.2	95.4	11	110.6	33.6	24
2017-04-08 16:00	1091.4	96.2	5.4	98	40	20.4
2017-04-08 17:00	1243	88.6	6	103.2	37.6	27.6
2017-04-08 18:00	1317.4	79.8	7.6	110.2	35.6	32.6
2017-04-08 19:00	1498	75.2	10.8	117.4	40	31
2017-04-08 20:00	1427.2	74.8	7.8	117.8	40.2	25.8
2017-04-08 21:00	1384.2	71.8	7.8	124	38.2	31.2
2017-04-08 22:00	1221.6	77.8	4.6	105	38.4	47
2017-04-08 23:00	1031.8	73.6	8.2	85.8	33.4	27.2
2017-04-09 00:00	1206.8	68.8	16.4	88	32.8	25.2
2017-04-09 01:00	820.6	57	34.6	70.8	24.6	18
2017-04-09 02:00	483	18	77.2	49.4	14.8	7.8
2017-04-09 03:00	407	12.4	87	38.6	10.2	5.6
2017-04-09 04:00	365.8	10.6	91.2	22.4	7.6	5.6
2017-04-09 05:00	368.4	15.8	87.4	36.6	9.4	9.2
2017-04-09 06:00	373.2	17.2	90.4	43.2	10	9.6
2017-04-09 07:00	358.6	14.6	93.2	26.6	7.2	6.6
2017-04-09 08:00	363.4	16.2	94	22.8	7.6	15.2
2017-04-09 09:00	374	19.4	92.4	18.4	8.4	27
2017-04-09 10:00	395.8	22.8	91.6	23.4	7.8	24.2
2017-04-09 11:00	449.2	29.8	86.4	27.2	10.2	30.8
2017-04-09 12:00	524.6	39	77.4	33.6	11.4	36
2017-04-09 13:00	538.8	29.4	83.8	37	15	17.6
2017-04-09 14:00	561.8	29.4	80.4	35.4	14.6	9.8
2017-04-09 15:00	636	39	70.6	35.6	14.8	12.8
2017-04-09 16:00	551.8	44	61.8	33.2	15.2	12.4
2017-04-09 17:00	694.6	60.2	35.6	41	18	16.8
2017-04-09 18:00	805.2	76.6	13.8	54.2	24	24
2017-04-09 19:00	927	89	4.8	65	27.6	25.6
2017-04-09 20:00	1013.8	87.6	3.6	77.2	30.6	27.6
2017-04-09 21:00	1546.6	85.6	3	93	34	36
2017-04-09 22:00	1870.8	83.6	3	95.6	41	38.8
2017-04-09 23:00	1817.4	85.2	3	108.2	40.6	44.4
2017-04-10 00:00	2058	84.4	5	137.4	47.8	44.2
2017-04-10 01:00	2429.8	86.2	10.4	148	54.6	69.2
2017-04-10 02:00	2915.2	85.6	23	136.25	62.75	55.4
2017-04-10 03:00	2522.2	80	44.2	145	66.8	56
2017-04-10 04:00	2481.8	74.4	60.8	134.6	58.6	44.4
2017-04-10 05:00	2879.8	84.6	55.8	135.4	72.6	57.8
2017-04-10 06:00	2284	71.4	63.6	116.6	63.2	41.8
2017-04-10 07:00						
2017-04-10 08:00						
2017-04-10 09:00						
2017-04-10 10:00						
2017-04-10 11:00						
2017-04-10 12:00						
2017-04-10 13:00						
2017-04-10 14:00						
2017-04-10 15:00						
2017-04-10 16:00						
2017-04-10 17:00						
2017-04-10 18:00						
2017-04-10 19:00						
2017-04-10 20:00						
2017-04-10 21:00						
2017-04-10 22:00						
2017-04-10 23:00						
2017-04-11 00:00						
2017-04-11 01:00						
2017-04-11 02:00						
2017-04-11 03:00						
2017-04-11 04:00						
2017-04-11 05:00						
2017-04-11 06:00						
2017-04-11 07:00	378.2	13	97	34.8	7	7.2
2017-04-11 08:00	381.8	10.2	105.4	37.4	9.8	6
2017-04-11 09:00	377.2	11.2	103.6	51	10.4	5.8
2017-04-11 10:00	386.6	16	100.2	35	10.4	12.4
2017-04-11 11:00	441	18	97.8	38.8	12	6
2017-04-11 12:00	483.4	20	97.6	51.6	16.6	7.6
2017-04-11 13:00	522.6	23.4	92	49	15.6	7.8
2017-04-11 14:00	653.8	43	69.2	48.8	16.4	10
2017-04-11 15:00	692.8	50	59	51	18.6	10
2017-04-11 16:00	661.8	54.6	52.2	59.2	18.2	12.4
2017-04-11 17:00	654.8	63.6	43.4	55.6	22.2	23.2
2017-04-11 18:00	571	50.8	52	54.8	19.4	22.2
2017-04-11 19:00	603.4	51.2	54	53.8	19	18.6
2017-04-11 20:00	576.4	56.6	47.4	52.8	15.6	17.2
2017-04-11 21:00	608.2	63.2	39.4	55.4	19.2	17.2
2017-04-11 22:00	535.2	48.2	53.4	53.8	18.6	16.8
2017-04-11 23:00	891	61.6	38	59.2	22.4	22.2
2017-04-12 00:00	1676.4	74.8	26.8	79	32	41.6
2017-04-12 01:00	2079.6	77.8	28.8	114	35	47.2
2017-04-12 02:00	1963.6	61	43.6	109.4	35.8	45
2017-04-12 03:00	839.2	30.4	71.8	92.75	30.5	23.4
2017-04-12 04:00	638.6	23	83	111.5	23	19
2017-04-12 05:00	750.6	25.6	86.4	195.4	30.8	21
2017-04-12 06:00	1092.2	26.8	87.8	175.2	32	23.4
2017-04-12 07:00	1021.2	22.8	92	112	30.2	17.4
2017-04-12 08:00	706.2	18.2	108.2	73.4	26.4	11.4
2017-04-12 09:00	562.2	16.2	120.4	62.2	26	8.4
2017-04-12 10:00	501.2	16.2	121.2	60.5	21.5	8.4
2017-04-12 11:00	423.4	17.2	119.6	64	18.25	10.4
2017-04-12 12:00	493.6	29.6	105.2	62.5	20.75	9.2
2017-04-12 13:00	505.6	42	88.8	61.2	21.2	8.8
2017-04-12 14:00	534.2	56.4	70.8	58.8	21.8	10.6
2017-04-12 15:00	599	75.2	49	59.4	23.4	11.8
2017-04-12 16:00	780.6	78.6	37.8	80.6	26.6	24.4
2017-04-12 17:00	769.8	77.4	32.4	93.4	28	23
2017-04-12 18:00	773.2	70	32	92.6	28.4	21.4
2017-04-12 19:00	1161.4	78	27.4	92.8	27	21.2
2017-04-12 20:00	1153.2	67.6	37	90.2	27.2	20.6
2017-04-12 21:00	914.2	64	38.2	78.6	23.4	23.2
2017-04-12 22:00	879.2	69	30.8	86.2	26.6	29.2
2017-04-12 23:00	1021	80.4	20.4	105.8	31	34.8
2017-04-13 00:00	1203	84.6	18.4	120.4	32.8	41.4
2017-04-13 01:00	1095.8	84.2	26	109.8	34.4	28.4
2017-04-13 02:00	879.4	70.4	48.8	86.4	29.2	20.8
2017-04-13 03:00	593.4	38.2	79.6	49.333333333333336	19.666666666666668	25.6
2017-04-13 04:00	533.4	31.4	87.6	53	19.8	17.6
2017-04-13 10:00	996.2	45.4	119.4	156	81.8	24.6
2017-04-13 11:00	1109.4	60.2	86.4	209	108.6	21.6
2017-04-13 12:00	1192.8	59.8	95.6	195.6	125.6	18
2017-04-13 13:00	1065.2	40.2	122.6	162.8	93.4	17.8
2017-04-13 14:00	778.8	20.4	122.2	65	28.6	14.4
2017-04-13 15:00	757.6	20.6	116.2	49	23	12.8
2017-04-13 16:00	738.2	21.8	107.2	45.8	24.8	12
2017-04-13 17:00	741.4	24.8	94.6	43.8	25.2	11.2
2017-04-13 18:00	755.4	33.4	72	50	24.2	11.8
2017-04-13 19:00	822.2	48.8	54.6	70	32.8	15.6
2017-04-13 20:00	964.2	48.8	46.4	74.8	37.8	17
2017-04-13 21:00	1190.6	57.4	32.6	91.6	48	18.4
2017-04-13 22:00	1407.2	76.4	11.6	114.2	53.6	21.8
2017-04-13 23:00	1984	79.6	7.2	142.8	82.6	27.2
2017-04-14 00:00	3618.8	79.4	9.4	171.2	108	36.4
2017-04-14 01:00	4561	84.2	15.6	190.4	125.2	49.2
2017-04-14 02:00	4532.8	84.8	31	202.8	126.8	63.2
2017-04-14 03:00	3890	82.2	53.6	194.4	108.2	61.8
2017-04-14 04:00	3537.6	72.6	83.8	179.4	106	54.8
2017-04-14 05:00	3722.4	61.5	101.6	190	101	45.4
2017-04-14 06:00	2948.4	58.6	121.6	156.4	75.6	42.75
2017-04-15 06:00	1833.2	45	104.4	75	27	23.4
2017-04-15 07:00	1635.6	60	98	113.4	43.8	27.4
2017-04-15 08:00	1380	65.2	99.2	136.6	47	25.2
2017-04-15 09:00	1096.2	57.4	102.2	123.8	54.4	20
2017-04-15 10:00	1060	55.2	112.4	139.6	70.8	21.4
2017-04-15 11:00	1267.2	58.2	129.8	156.6	73.6	27.4
2017-04-15 12:00	1345.4	59.4	131	165	91.8	28.2
2017-04-15 13:00	1449.4	66.6	109.2	168.4	103	31.6
2017-04-15 14:00	1718.8	77.4	85	198	135	35
2017-04-15 15:00	1919.4	100.2	50	212.2	131.4	32.8
2017-04-15 16:00	1930.6	101.8	36.4	223.8	116.8	30.6
2017-04-15 17:00	1941.4	100.2	35.8	228.2	124.6	31.6
2017-04-15 18:00	2077.8	91.8	32.4	246.6	128.6	36
2017-04-15 19:00	2220.4	96.4	28.2	231.2	120.2	38
2017-04-15 20:00	2256.4	101	19.2	227.2	127.4	36.8
2017-04-15 21:00	1426.2	64.4	48.8	128.6	63.6	25.8
2017-04-15 22:00	799.2	28.8	78.2	103.8	39.4	12.8
2017-04-15 23:00	606	26.6	79.2	102	40.8	10.6
2017-04-16 00:00	580.2	26.2	84.2	108.8	35.2	10.6
2017-04-16 01:00	492.2	24.8	89.6	86	29.2	8.2
2017-04-16 02:00						
2017-04-16 03:00						
2017-04-16 04:00						
2017-04-16 05:00						
2017-04-16 06:00						
2017-04-16 07:00						
2017-04-16 08:00						
2017-04-16 09:00	810.8	40.2	124	112.4	41.8	21.4
2017-04-16 10:00	879.2	52.2	118	123.6	48.6	25.8
2017-04-16 11:00	838.4	53	111.8	115	50.6	23
2017-04-16 12:00	827.6	57.6	97.6	109.8	54.4	20.8
2017-04-16 13:00	854	45.4	99.4	109.2	60.2	23
2017-04-16 14:00	919.2	54.6	87.4	133.8	78.2	15.6
2017-04-16 15:00	1041	84.8	56.2	144.2	83.2	18
2017-04-16 16:00	1284.6	95.4	38	159	90.8	22.6
2017-04-16 17:00	1307	86.2	45.4	173.4	102.4	23.6
2017-04-16 18:00	1374.2	74	45	157.8	101.8	22.4
2017-04-16 19:00	1900.4	61.4	55	173	102.8	28
2017-04-16 20:00	1891	48.6	54	193.6	97	26.8
2017-04-16 21:00	1718.4	45	53.2	132.4	75.2	23.4
2017-04-16 22:00	1384	40.4	54.4	105.6	74.6	22.2
2017-04-16 23:00	1210.2	40	57.2	101.8	65.6	19.4
2017-04-17 00:00	1029.2	38	70.4	82.4	53.6	17.8
2017-04-17 01:00	1016.2	40.6	81.4	66.6	44.4	19.6
2017-04-17 02:00	1019.8	40	85.2	85.8	41.4	24
2017-04-17 03:00	1624.4	45.4	75.6	139.4	73	33.75
2017-04-17 04:00	1918.6	45.4	86	126.6	84	39
2017-04-17 05:00	1668	40.75	108.2	124	67	37.6
2017-04-17 06:00	970.2	34.25	121	76.2	39	26.2
2017-04-17 07:00	730.25	29	131	71.6	40	19.2
2017-04-17 08:00	812.25	34	134.2	83	48.6	20.2
2017-04-17 09:00	1047.2	33.2	143.2	121.2	67.4	21.6
2017-04-17 10:00	1112.4	42.4	126.8	136	83.4	23.8
2017-04-17 11:00	1124	44.6	114.2	134.2	91.2	24.4
2017-04-17 12:00	1086.4	39	117.4	123.4	87.2	22
2017-04-17 13:00	1058.4	34.4	122	134.8	87	17.4
2017-04-17 14:00	1057.6	36.4	113.8	155.4	87.8	14.4
2017-04-17 15:00	1016.4	46.8	89	144.6	85.8	15
2017-04-17 16:00	1062.4	60.8	55.6	173.2	100.6	18
2017-04-17 17:00	1152	74.6	33.2	176.4	101.2	19.2
2017-04-17 18:00	692.6	29.6	78.8	89.8	18.8	16.2
2017-04-17 19:00	527.4	32.2	66.6	50.4	17.6	12.6
2017-04-17 20:00	602.6	47.6	50.6	81	18.8	13.8
2017-04-17 21:00	537.2	37.4	65.8	56.6	18	13.8
2017-04-17 22:00	463.2	25.6	88.6	101.6	16	7.4
2017-04-17 23:00	482	22.25	90.4	102.8	16.6	8
2017-04-18 00:00	456	16.75	93.4	95	16.2	6.8
2017-04-18 01:00	406.2	13.2	96.2	64.8	11.6	4.6
2017-04-18 02:00	373.4	12	98	50.6	9.4	4.4
2017-04-18 03:00	373.8	12.2	99.4	49	10	4.4
2017-04-18 04:00	365.6	11	101.2	40.2	8.8	4.2
2017-04-18 05:00	365	10.8	102.4	33.2	9.2	4.6
2017-04-18 06:00	404.4	11.4	105.6	30.4	7	4
2017-04-18 07:00	452.6	11.6	106.4	32.6	7	3.8
2017-04-18 08:00	487.4	12.5	106.6	32.2	7.8	4
2017-04-18 09:00	480.2	15	105.2	39.8	10.6	4.4
2017-04-18 10:00	441.4	18	101.6	48.4	11.2	5.5
2017-04-18 11:00	441.4	18	101.6	48.4	11.2	5.5
2017-04-18 14:00	526.2	33.4	80.6	53.6	21.4	6.4
2017-04-18 15:00	523.8	24.2	84.4	47	18.6	6.6
2017-04-18 16:00	543.6	31.4	73.6	46.2	20.8	7.2
2017-04-18 17:00	537.2	38.4	61.2	47.4	20.2	6.4
2017-04-18 18:00	555.6	56.2	45.6	47.2	19.8	9.2
2017-04-18 19:00	594.4	66.6	31.8	51	19.6	11.2
2017-04-18 20:00	650.2	73.8	19.2	56	25	15.6
2017-04-18 21:00	700.4	75.2	15.2	81	26.4	24
2017-04-18 22:00	866.2	80.2	11.2	76.6	25.8	16.6
2017-04-18 23:00	986	81	14.8	74.8	26.4	16
2017-04-19 00:00	1046.4	76.6	23.8	91	35.4	21
2017-04-19 01:00	739.6	43.6	64	55.8	26.4	19.2
2017-04-19 02:00	557.6	27	79.6	48	24	9.2
2017-04-19 03:00	471.25	25.2	83.6	37.8	16.2	11.4
2017-04-19 04:00	510.6	20.8	89.8	36	16.6	6.8
2017-04-19 05:00	492.6	16.2	96.8	46.4	19	5.6
2017-04-19 06:00	501.6	16	95.4	29.2	13.4	5.4
2017-04-19 07:00	509.2	20.4	92.4	23.8	13	6.2
2017-04-19 08:00	489.4	25.4	90.4	28.6	12	19
2017-04-19 09:00	490.6	25.8	90.4	34.8	13	7.2
2017-04-19 10:00	530	32	86.6	43	16.6	8.6
2017-04-19 11:00	594.4	38.6	81.2	46	18.4	15
2017-04-19 12:00	602.6	37	84.4	56.8	22.4	13.6
2017-04-19 13:00	703.8	43	73.2	56.4	22.4	10.4
2017-04-19 14:00	782.4	58.2	55.4	64.6	25	11
2017-04-19 15:00	821	65.2	46.4	76.6	29.2	13
2017-04-19 16:00	1181.2	78.6	30.4	83	34.2	20.4
2017-04-19 17:00	1742.6	84	20	109.4	36.8	28
2017-04-19 18:00	2072	81.6	23	117.4	41	37.4
2017-04-19 19:00	2144.8	84.4	16.6	127.4	46.2	41.2
2017-04-19 20:00	2190	96.6	7	133.2	48.6	43.4
2017-04-19 21:00	2283.2	97.2	5.2	132	51.6	44.4
2017-04-19 22:00	2717.2	97.6	7	158.2	67	51.8
2017-04-19 23:00	3415.4	92.8	12.2	160.6	67.6	64.8
2017-04-20 00:00	3927.2	87.6	19.8	191.6	75.8	70.8
2017-04-20 01:00	4054.4	91.2	29.4	183.4	74.2	76
2017-04-20 02:00	3258.2	85.2	43	181.6	71.6	60.8
2017-04-20 03:00	1992	53.8	70.2	133.2	44.4	30.4
2017-04-20 04:00	1293.8	29.4	93.6	110.8	31.2	15
2017-04-20 05:00	991.2	21.8	103.6	77.6	20.8	10.4
2017-04-20 06:00	809.6	17	110.6	69	17.2	7.8
2017-04-20 07:00	807.8	18.4	112	61.2	12.2	7.8
2017-04-20 08:00	822.6	26.2	104.6	70.8	18	8.6
2017-04-20 09:00	794.6	27.4	103.8	67.6	22.6	8.8
2017-04-20 10:00	838.6	43.2	82.2	96.4	29.6	11.6
2017-04-20 11:00	835.6	54.6	65.2	94.6	29.6	14.4
2017-04-20 12:00	885	64.6	50.2	102	37.4	14.2
2017-04-20 13:00	1003.4	80.8	31.2	115.4	53.4	15.6
2017-04-20 14:00	941	75.6	29.8	101.6	45.2	15.8
2017-04-20 15:00	1035.8	79.6	23	102.4	49.4	18.4
2017-04-20 16:00	898	78.6	20.6	108.8	45.4	18
2017-04-20 17:00	715.2	61.6	25.4	118.2	37.4	13.4
2017-04-20 18:00	598.2	42	53.6	94.8	25.8	10
2017-04-20 19:00	535.4	29.4	69.4	83.2	20.6	9
2017-04-20 20:00	527.6	26.8	75.6	89.8	19.4	8.2
2017-04-20 21:00	524.2	21.6	84.2	76.4	19.2	8.6
2017-04-20 22:00	555	27	79.2	72.4	19	9.2
2017-04-20 23:00	576.6	33.8	76.6	65.8	18	9.6
2017-04-21 00:00	556	23.2	91	67.4	18	8.8
2017-04-21 01:00	499	15.8	102.2	51	14.4	6.2
2017-04-21 02:00	447	12.4	112	44.4	13.8	4.2
2017-04-21 03:00	445.4	13.6	113.4	39.8	15	4.2
2017-04-21 04:00	487	18.5	112.2	42	12.6	13.2
2017-04-21 05:00	494.6	17	116.2	42.4	7	20
2017-04-21 06:00	493.6	13.6	121	44.8	11.6	10
2017-04-21 07:00	480.6	15.4	122.8	49.4	9.6	9
2017-04-21 08:00	463.6	16.4	122.4	40	12	9.4
2017-04-21 09:00	430.5	17.8	121	40	12.8	13
2017-04-21 10:00	510.8	19.6	117.6	36.8	13.6	6.8
2017-04-21 11:00	662.4	27.8	111.2	45.6	17.6	10.2
2017-04-21 12:00	825	33.6	102	65.2	22.8	14.2
2017-04-21 13:00	1082.8	41.6	86	78.2	26.6	20.2
2017-04-21 14:00	1076	38.6	88	71	25	19
2017-04-21 15:00	985	42.8	79.4	69.8	24.2	12.8
2017-04-21 16:00	831.6	52.8	64.2	67.6	25.4	12.8
2017-04-21 17:00	947.8	55.2	50.8	70.4	26.2	16
2017-04-21 18:00	1689.6	72.8	36.4	92	32.2	27.6
2017-04-21 19:00	2376.4	90.4	21	120.6	38	41.2
2017-04-21 20:00	2776	94.8	16	126.4	42.4	48.2
2017-04-21 21:00	3027.6	101.6	10.4	132.6	48.8	53.6
2017-04-21 22:00	2961.2	98.2	14	135.6	50.4	50.8
2017-04-21 23:00	2637.6	84.4	29.4	125.2	50.6	48.8
2017-04-22 00:00	2646.8	74.6	45.2	129.8	47.2	49
2017-04-22 01:00	2744.6	68.4	58.6	137	64.6	53.2
2017-04-22 02:00	2341.8	60.2	71.6	125.4	44.8	44
2017-04-22 03:00	1884	47.8	90.4	124.8	42.2	42.6
2017-04-22 04:00	1517.8	38.8	101.4	117.2	43.2	32.2
2017-04-22 05:00	1136.6	27.4	113.6	114	36	20
2017-04-22 06:00	1027.6	27.8	118.4	162.8	29.6	18.2
2017-04-22 07:00	949.2	30.8	125	145.2	88.6	16
2017-04-22 08:00	886	26.2	136.6	157.2	32.8	52
2017-04-22 09:00	850	24.4	142.6	166.2	34.2	16.4
2017-04-22 10:00	813.6	26.6	142.2	128.2	36.2	15.6
2017-04-22 11:00	807.6	32.5	134.4	102.2	32.8	14.2
2017-04-22 12:00	807.6	32.5	134.4	102.2	32.8	14.2
2017-04-22 13:00	752.2	31.4	116	73.6	26	18.6
2017-04-22 14:00	752.2	31.4	116	73.6	26	18.6
2017-04-23 00:00	469.8	21	81.6	54.8	16.8	8.4
2017-04-23 01:00	456.6	17.2	84.2	52.6	13	8.4
2017-04-23 02:00	440.8	15.2	88.4	49.4	11	7.6
2017-04-23 03:00	433.8	14.8	90.2	53.6	8.6	7.2
2017-04-23 04:00	441	16	94.2	46.4	8.6	12.6
2017-04-23 05:00	429.8	13.8	99.6	42.6	10.8	13
2017-04-23 06:00	432.4	12.2	103.6	35.2	11.4	11.6
2017-04-23 07:00	437.6	13.6	102	31.8	9.6	11.4
2017-04-23 08:00	429.2	13.2	103.8	32.6	8.4	8.2
2017-04-23 09:00	434.2	13	106.2	33.8	10.6	7.2
2017-04-23 10:00	505.8	18.4	103.2	35.2	12.6	10.4
2017-04-23 11:00	557.2	30.6	94.4	38.2	14.4	14.6
2017-04-23 12:00	613.2	36.6	88.8	43.8	17.6	10.6
2017-04-23 13:00	675.4	55.8	66.8	67.2	19.6	10.2
2017-04-23 14:00	683.6	83.2	39	61.2	19.8	12.8
2017-04-23 15:00	702.2	81.8	34.2	79.4	20.6	17
2017-04-23 16:00	786.2	78.6	30.6	78.2	20.4	20
2017-04-23 17:00	766.6	82.6	22.8	78	19.8	14
2017-04-23 18:00	790.2	93.4	18.2	90.6	23.2	15.8
2017-04-23 19:00	732.8	96.8	14.4	85.4	22.6	19.4
2017-04-23 20:00	771.2	88.4	25.8	100.4	25.2	24.2
2017-04-23 21:00	742.4	60.4	52.8	90.4	23	15.6
2017-04-23 22:00	653.8	82.2	30.2	88.8	27	17
2017-04-23 23:00	689.4	69.8	40.2	78.2	27.2	17.8
2017-04-24 00:00	724.6	58.4	49.8	90.6	26.6	18.2
2017-04-24 01:00	724.6	58.4	49.8	90.6	26.6	18.2
2017-04-24 08:00	670.6	25.6	126.6	73.4	21	16.8
2017-04-24 09:00	816.8	30.8	137.8	85.6	32.4	18.2
2017-04-24 10:00	890.8	37	142.8	98.2	42.4	17.6
2017-04-24 11:00	937	39.2	143.8	106	50	18.4
2017-04-24 12:00	1029.2	54	126.2	113	52	22.2
2017-04-24 13:00	1031.6	77.8	93.6	113.6	49.8	19.2
2017-04-24 14:00	1082.2	95.4	61	104.8	47.4	22.6
2017-04-24 15:00	1216	106	37.2	114.6	48.4	24.4
2017-04-24 16:00	1099.4	88.2	43.6	99.6	47	26.2
2017-04-24 17:00	987.4	82.8	41.4	99.4	41.6	20.8
2017-04-24 18:00	954.6	80.2	40.6	96.4	35.6	20.2
2017-04-24 19:00	885.6	70.4	43.4	87	29.6	18.2
2017-04-24 20:00	815.4	64.2	44.4	84.2	26	24
2017-04-24 21:00	786.6	52.6	46.4	88.8	25	18.4
2017-04-24 22:00	745.4	66.2	31.2	87.8	23.8	17.4
2017-04-24 23:00	738	52.8	42.6	76	22	19.4
2017-04-25 00:00	686.2	41.8	54.8	58	18.4	16.6
2017-04-25 01:00	474.8	16.6	78.4	40.6	12.8	5.8
2017-04-25 02:00	486.4	25	73.4	38.6	11	9.6
2017-04-25 03:00	525.6	22.6	79	47	12.8	9.6
2017-04-25 04:00	504.2	15.5	86.6	41.4	9.8	9.4
2017-04-25 05:00	480.4	14.2	90.6	37.2	6.8	8.75
2017-04-25 06:00	481	16.4	92	32	7.2	10.2
2017-04-25 07:00	435.5	17.6	94.2	27	6.2	18.4
2017-04-25 08:00	435.5	17.6	97.75	27	6.2	18.4
2017-04-25 10:00	487.25	18.2	101.5	34.8	11.4	9.4
2017-04-25 11:00	476	22	94.6	35	12.6	9.6
2017-04-25 12:00	532	21.6	93.2	35.4	13	9.4
2017-04-25 13:00	606	25.4	87.6	38.2	16.4	8.8
2017-04-25 14:00	580.2	34.8	78.6	41.6	19.6	10.4
2017-04-25 15:00	545	41	71	49.2	13.6	9.2
2017-04-25 16:00	592	46.2	60.4	50	16.8	12
2017-04-25 17:00	807.4	57.4	41.6	54.6	20.6	19.8
2017-04-25 18:00	1226.2	82	25	76	26.8	27.4
2017-04-25 19:00	1375.4	83.2	18.4	102.8	31.4	41
2017-04-25 20:00	1488	79.6	17	125.4	37.4	51.2
2017-04-25 21:00	1529.4	75.8	16	118.6	36.2	36.6
2017-04-25 22:00	1556.2	75.6	16	104.6	37.4	39
2017-04-25 23:00	1610	72.6	22.4	108.2	37.2	41.6
2017-04-26 00:00	1306	57.4	47	82	29	26.2
2017-04-26 01:00	655.4	21.2	89.2	58.2	17.6	9.6
2017-04-26 02:00	425.6	10.6	102.2	34.4	13.8	6.6
2017-04-26 03:00	461.75	9.8	103.8	30.75	10	6.4
2017-04-26 04:00	383.8	9.8	105.4	61.6	8.2	6
2017-04-26 05:00	380	12.8	106.8	37.8	6.8	15.75
2017-04-26 06:00	396.2	13	111.2	33.8	6.2	13
2017-04-26 07:00	383.6	18	109.6	31.2	7.8	16.2
2017-04-26 08:00	397.2	15.8	113.2	28.4	8.6	13.8
2017-04-26 09:00	411.8	15.6	115.8	28.6	8.2	7.8
2017-04-26 10:00	465.8	19.2	113.8	36	7.6	9.4
2017-04-26 11:00	573	27	106.8	52.2	12.6	11.4
2017-04-26 12:00	574.4	30.6	96.4	43	15	11.8
2017-04-26 13:00	615	36.2	83.6	43.4	15.6	11.6
2017-04-26 14:00	666.2	44.4	68.8	46.2	17.6	11.2
2017-04-26 15:00	761.2	66	41	53.8	17.4	12
2017-04-26 16:00	879.4	91.4	16.6	77	22.2	19.8
2017-04-26 17:00	966.4	86.8	13	103.6	27.6	26
2017-04-26 18:00	1102.8	91.6	10.2	120.8	26.8	33.6
2017-04-26 19:00	1160.8	84.8	16.6	115.4	27	33.4
2017-04-26 20:00	1158	78.2	22.6	96.8	23.4	34.2
2017-04-26 21:00	1028.4	66	33.2	100	24.8	37.4
2017-04-26 22:00	1035.6	65.8	35.4	90.4	27.8	33
2017-04-26 23:00	1080.6	62.6	41.6	98.8	26.6	27
2017-04-27 00:00	986	60.2	51.8	86.8	23.2	26.2
2017-04-27 01:00	986	60.2	51.8	86.8	23.2	26.2
2017-04-27 03:00	451.2	10.4	105.4	27.4	11	7.6
2017-04-27 04:00	405.6	10.6	110	22.2	7.6	7.4
2017-04-27 05:00	408.6	9.8	114.8	22	6.8	7.8
2017-04-27 06:00	394.4	10	117	23.8	7	7.6
2017-04-27 07:00	383.4	11.6	116.4	24.4	6.6	7.2
2017-04-27 08:00	525	13.8	115.4	19.2	8.8	6.4
2017-04-27 09:00	606.8	17.8	115	24.6	7.2	7.6
2017-04-27 10:00	752.2	27.2	109.4	49.6	8.8	11.4
2017-04-27 11:00	876.8	40.2	91.4	126.4	16.4	13.6
2017-04-27 12:00	983.8	54.4	74.6	110.6	22.2	16
2017-04-27 13:00	1144.8	68.4	57	105.2	22.8	20.8
2017-04-27 14:00	1160.8	78	43	94.6	28.2	21.6
2017-04-27 15:00	1430.6	95.2	23.6	118	30	29
2017-04-27 16:00	1591	101.2	15.2	121.4	33.8	33.2
2017-04-27 17:00	1648.4	95.4	13.4	116.4	29	30.6
2017-04-27 18:00	1621.8	90	20.4	107.4	28.6	27.4
2017-04-27 19:00	1416	80.2	28.2	101	27.2	23.2
2017-04-27 20:00	1126.6	69.2	33.4	102.6	23	23.8
2017-04-27 21:00	877	60.8	45.4	86.4	22	23
2017-04-27 22:00	965	67.4	41.2	108.2	24.2	31
2017-04-27 23:00	810.2	50.2	62.4	83.2	24	31
2017-04-28 00:00	551.6	31.6	84.6	63	17.2	19.8
2017-04-28 01:00	434.8	18.4	102.8	66	17	13.4
2017-04-28 02:00	401	12.6	109.8	46.2	16.4	9.4
2017-04-28 03:00	429.6	10.25	107.8	34.2	14.4	9.2
2017-04-28 04:00	480	15	106	32.6	11.2	13.2
2017-04-28 05:00	524.2	23.25	107.6	39.6	15	14.2
2017-04-28 06:00	512.4	20.6	117.6	40.8	16	11.5
2017-04-28 07:00	536.6	19.6	123.4	54.2	15	12.25
2017-04-28 08:00	483.25	19.6	123.6	48.8	15.8	12.6
2017-04-28 09:00	528.6	26.8	114.75	56.4	15.6	12.8
2017-04-28 10:00	555.8	33.6	112	63	16.8	13.6
2017-04-28 11:00	647.4	38.8	113.2	70.2	23.2	16.6
2017-04-28 12:00	791.6	53.8	90.4	73.2	30.6	20.4
2017-04-28 13:00	926.2	71.4	62.4	86.2	31.2	21.6
2017-04-28 14:00	1036.6	99.2	33	93	36	23.8
2017-04-28 15:00	1121.2	99	26.6	111.6	39.8	26.2
2017-04-28 16:00	1243.4	111.2	15	153	51.4	43.2
2017-04-28 17:00	1312.6	106.2	11	164.4	44	46
2017-04-28 18:00	1250	104.8	9.2	145.2	43.6	46.6
2017-04-28 19:00	1259.6	97	12	143.4	39	53.8
2017-04-28 20:00	1325.8	92.4	12	136	33.25	47.6
2017-04-28 21:00	1735.8	93	12	140.4	30.75	47.2
2017-04-28 22:00	1516.4	91.4	10.8	152.8	40.6	54.4
2017-04-28 23:00	1481.8	90	14.8	165	37.2	44.6
2017-04-29 00:00	1446.4	87.6	28	155.2	37	46.6
2017-04-29 01:00	1078.6	65.6	61.6	100.2	31	31
2017-04-29 02:00	708	35.6	85.6	72.4	43.2	19.2
2017-04-29 03:00	806.8	32.8	95	88	21.4	21
2017-04-29 04:00	1286	39.4	98.6	76.4	20.8	25.4
2017-04-29 05:00	2023.2	48.8	113.4	103.2	27.4	33
2017-04-29 06:00	2665.2	54.6	121	131.4	28.8	30.2
2017-04-29 07:00	1408.8	40.6	112.2	122.4	23.8	22.8
2017-04-29 08:00	786.2	28.4	118.6	148.2	21.6	18.2
2017-04-29 09:00	626.4	25.2	140.6	229.4	28.6	16.4
2017-04-29 10:00	609	26.8	146.2	226.6	41.2	15.6
2017-04-29 11:00	731.6	37.2	125	171.2	47.6	17.4
2017-04-29 12:00	678.2	48	100	127.2	42	20.4
2017-04-29 13:00	904	60	80.6	112.4	39.2	25.4
2017-04-29 14:00	1263.6	64.8	66.4	113.2	36.4	33.4
2017-04-29 15:00	1461.8	71.4	54.6	138.4	54.4	39
2017-04-29 16:00	1516.2	73.4	45.6	127.4	67.4	36.4
2017-04-29 17:00	1600.6	91.2	19.8	132.8	58.6	35
2017-04-29 18:00	1213.6	91.2	28.4	116.2	44.2	29
2017-04-29 19:00	791.6	56.2	64	186	42.2	20.2
2017-04-29 20:00	449.4	21.2	94.8	213	39	11.4
2017-04-29 21:00	383.4	21	92.4	234.2	36.8	11.8
2017-04-29 22:00	349	23.6	91.8	227.2	36.4	11.6
2017-04-29 23:00	427.75	25.8	88.8	184.6	28	12.8
2017-04-30 00:00	396.75	18.6	94.6	192.2	28.8	11.6
