Timestamp (UTC)	Tianjin co	Tianjin no2	Tianjin o3	Tianjin pm10	Tianjin pm25	Tianjin so2
2017-03-31 01:00	1408	74.72	19.64	114.21739130434783	72.12	24.52
2017-03-31 02:00	1250	69	28.416666666666668	102.47368421052632	68.79166666666667	25.75
2017-03-31 03:00	920.8333333333334	45.375	59.25	80.5	51.625	18.708333333333332
2017-03-31 04:00	732	27.16	82.6	54.06666666666667	33.28	12.08
2017-03-31 05:00	690.9090909090909	18.73913043478261	92.5	41.705882352941174	26.08695652173913	11.208333333333334
2017-03-31 06:00	659.0909090909091	15.583333333333334	103.20833333333333	34.526315789473685	22.875	10.625
2017-03-31 07:00	659.0909090909091	15.708333333333334	109.75	32.526315789473685	21.875	9.708333333333334
2017-03-31 08:00	622.7272727272727	16.91304347826087	113.56521739130434	42.07692307692308	27.73913043478261	10.043478260869565
2017-03-31 09:00	591.304347826087	17.791666666666668	113.91666666666667	45.44444444444444	29.083333333333332	8.541666666666666
2017-03-31 10:00	586.3636363636364	17.434782608695652	114.47826086956522	50.714285714285715	28.217391304347824	8.304347826086957
2017-03-31 11:00	595.6521739130435	19.25	111.625	51.13333333333333	24.833333333333332	8.166666666666666
2017-03-31 12:00	666.6666666666666	26.75	102.84	45.38095238095238	23.041666666666668	8.64
2017-03-31 13:00	729.1666666666666	42.24	80.96	61.82608695652174	24.916666666666668	11.28
2017-03-31 14:00	958.3333333333334	64.2	55.64	92.48	35.25	14.52
2017-03-31 15:00	972	73.96	41.52	98.28	45.08	24.4
2017-03-31 16:00	936	71.2	41.56	105.52173913043478	49.56	26.04
2017-03-31 17:00	948	62.84	48.08	102.3913043478261	56.2	22.4
2017-03-31 18:00	996	61.88	50.36	112.58333333333333	58.48	24.16
2017-03-31 19:00	1100	54.36	58.2	129.72	75.2	26.56
2017-03-31 20:00	1080	50.28	57.68	130.20833333333334	80.2	26.68
2017-03-31 21:00	1164	52.32	51.08	140.125	84.2	29.52
2017-03-31 22:00	1245.8333333333333	60.125	36.583333333333336	141.5	93.41666666666667	29.458333333333332
2017-03-31 23:00	1376	68.88	24.4	149.4	104.76	30.88
2017-04-01 00:00	1376	76.64	14.48	139.72	104.72	27.92
2017-04-01 01:00	1332	79.84	14.04	137.34782608695653	98	26.76
2017-04-01 02:00	1720	80.16	20.2	153.44	90.08	38.36
2017-04-01 03:00	2652	78	33.4	168.45833333333334	90.96	54.24
2017-04-01 04:00	2644	69.68	51.68	146.32	88.76	53.56
2017-04-01 05:00	2020	54.56	72.44	108.71428571428571	76.68	38.32
2017-04-01 06:00	1472	39.56	91.2	78.26315789473684	59.32	26.88
2017-04-01 07:00	1184	31.96	101.96	63.19047619047619	47.84	21.12
2017-04-01 08:00	952	27.76	108.12	60.6	41.64	16.72
2017-04-01 09:00	880	26.96	113.52	64	37.64	14.96
2017-04-01 10:00	968	31.76	113.72	79.875	39.36	17.68
2017-04-01 11:00	1264	44.72	109.92	126.04	48.48	21.84
2017-04-01 12:00	1376	55.36	105.08	134.96	59.84	22.88
2017-04-01 13:00	1468	62.6	96.24	128.72	65.28	24.24
2017-04-01 14:00	1368	62.16	89.88	113.64	67.64	26.4
2017-04-01 15:00	1260	61.36	84.44	103.13636363636364	66.88	23.64
2017-04-01 16:00	1128	57.92	80.08	87.66666666666667	64.36	18.96
2017-04-01 17:00	1156	62.52	65.36	86.68	58.12	20.6
2017-04-01 18:00	1229.1666666666667	67.66666666666667	54.208333333333336	89.95454545454545	56.625	22.833333333333332
2017-04-01 19:00	1268	86	29.76	102.43478260869566	61.68	28.52
2017-04-01 20:00	1312	86	25.666666666666668	107.86363636363636	70.4	28.92
2017-04-01 21:00	1332	82.36	25.041666666666668	106.85714285714286	71.56	26.64
2017-04-01 22:00	1560	89.84	15.666666666666666	115.29166666666667	71.08	30.92
2017-04-01 23:00	1652	92.04	10.521739130434783	123.625	75.2	38.56
2017-04-02 00:00	1984	90.92	7.3478260869565215	138.83333333333334	84.84	36.92
2017-04-02 01:00	2144	89.8	8.75	147.52	94.56	36.64
2017-04-02 02:00	2268	88.48	16.375	166.8	103.84	44.92
2017-04-02 03:00	2268	85.4	26.68	170.875	111.76	54.68
2017-04-02 04:00	2116	80.84	44.32	150.04	106.8	60.6
2017-04-02 05:00	1928	73.52	64.16	146.5	104.2	53.36
2017-04-02 06:00	1668	63.88	86.92	136.95652173913044	101.84	45.92
2017-04-02 07:00	1568	58.4	102.52	136.34782608695653	97.8	41.56
2017-04-02 08:00	1504	58.36	113.56	132.29166666666666	101.4	38.48
2017-04-02 09:00	1396	58.16	118.88	142.73684210526315	103.8	36.32
2017-04-02 10:00	1260	55.92	125.12	148.3846153846154	99.76	32.8
2017-04-02 11:00	1216	56.88	127.24	141.76470588235293	90.48	30.96
2017-04-02 12:00	1191.6666666666667	61.833333333333336	120.5	134.72727272727272	89.25	29.791666666666668
2017-04-02 13:00	1316	86.4	89.92	154.8	95.88	31.24
2017-04-02 14:00	1516	104.6	61.64	197.12	114.4	31.8
2017-04-02 15:00	1720	123.84	38.96	220.24	138.2	32.32
2017-04-02 16:00	1788	126.04	37	234.8095238095238	151.88	34
2017-04-02 17:00	1796	132.36	31.041666666666668	233.95454545454547	160.64	36.88
2017-04-02 18:00	1862.5	130.04166666666666	30.91304347826087	229.1904761904762	162.20833333333334	38.583333333333336
2017-04-02 19:00	2080	134.88	20.041666666666668	211.52173913043478	164.56	40.52
2017-04-02 20:00	2208	131.72	19.434782608695652	211.91304347826087	162.52	40.12
2017-04-02 21:00	2204	130.04	16.217391304347824	202.04166666666666	159.8	37.68
2017-04-02 22:00	2112	128.48	13.227272727272727	202.33333333333334	160.84	34.88
2017-04-02 23:00	2012	125.4	10.521739130434783	192.85714285714286	161.04	34.56
2017-04-03 00:00	1980	122.68	6.409090909090909	199.79166666666666	159.76	34.76
2017-04-03 01:00	2008	119.56	10.333333333333334	208.45454545454547	163.08	38.32
2017-04-03 02:00	2204	112.88	22.52	231.08333333333334	171.36	50.12
2017-04-03 03:00	2140	106.44	40.28	250.8695652173913	187.64	56.68
2017-04-03 04:00	1964	82.92	73.8	225	178.32	51.44
2017-04-03 05:00	1716	61	104.6	200	151.88	42.28
2017-04-03 06:00	1380	44	138.28	154.55555555555554	129.88	36.88
2017-04-03 07:00	1184	29.6	168.32	127.25	116.44	34.84
2017-04-03 08:00	1112	26.64	180.52	121	103.2	34.08
2017-04-03 09:00	1072	25.68	184.4	126	97.44	28.52
2017-04-03 10:00	964	26.56	182.08	122.4	87.16	27.4
2017-04-03 11:00	904.1666666666666	29.583333333333332	178.16666666666666	103.8	78.79166666666667	23.916666666666668
2017-04-03 12:00	1037.5	41.25	166.54166666666666	134.77272727272728	83.16666666666667	26.916666666666668
2017-04-03 13:00	1129.1666666666667	53.125	148.33333333333334	144	92.83333333333333	28.208333333333332
2017-04-03 14:00	1262.5	58.291666666666664	139.625	149.45454545454547	103.91666666666667	30.041666666666668
2017-04-03 15:00	1364	56.36	134	150.0952380952381	112.95833333333333	31.2
2017-04-03 16:00	1500	68.68	112.44	161.1904761904762	121.91666666666667	33.72
2017-04-03 17:00	1575	73.875	91.5	169.04545454545453	119.04166666666667	32.958333333333336
2017-04-03 18:00	1620.8333333333333	86.54166666666667	71.45833333333333	169.45	121.91666666666667	34
2017-04-03 19:00	1660	88.32	54.72	165.72222222222223	125.2	39.76
2017-04-03 20:00	1496	90.04	46.04	155.83333333333334	124.56	52.52
2017-04-03 21:00	1412	88.92	44.6	141.84615384615384	128.32	63.48
2017-04-03 22:00	1468	81.72	49.52	143.27272727272728	129.12	73.2
2017-04-03 23:00	1504	80.92	44.56	140.33333333333334	130.84	70.875
2017-04-04 00:00	1648	87.48	32.666666666666664	160.95	131.84	70.72
2017-04-04 01:00	1832	93.16	26.04	170.42857142857142	133.4	64.68
2017-04-04 02:00	1800	88.28	35.84	174.82608695652175	135.04	58.6
2017-04-04 03:00	1676	79.56	56.08	170.86363636363637	137.36	55.28
2017-04-04 04:00	1668	71.6	72.16	168.5	130.24	52.48
2017-04-04 05:00	1624	59.52	96	175.64	112.36	46.48
2017-04-04 06:00	1624	59.52	96	175.64	112.36	46.48
2017-04-04 07:00	1496	52.72	103.12	171.7826086956522	111.48	44.16
2017-04-04 08:00	1412	45.16	109.76	150.4090909090909	102.48	39.56
2017-04-04 09:00	1388	47.2	108.52	142.68	94.88	35.08
2017-04-04 10:00	1304	46.08	108.84	135.5	94.8	32.16
2017-04-04 11:00	1204	42.68	109.36	118.82608695652173	88.96	29.12
2017-04-04 12:00	1152	45.8	97.4	117.5909090909091	82.48	25.56
2017-04-04 13:00	1108	47.96	85.68	112.9090909090909	75.79166666666667	23
2017-04-04 14:00	1175	46.291666666666664	81.79166666666667	106.43478260869566	73.45833333333333	22.166666666666668
2017-04-04 15:00	1096	36.56	89.6	116.82352941176471	68.96	19.84
2017-04-04 16:00	1056	31.92	90.32	82.11111111111111	58.8	17.56
2017-04-04 17:00	1092	32.76	81.76	66.375	53.4	16.36
2017-04-04 18:00	987.5	35.416666666666664	76.125	65.33333333333333	53.125	15.833333333333334
2017-04-04 19:00	975	38.416666666666664	63.458333333333336	57	57.625	15.416666666666666
2017-04-04 20:00	1000	45.84	53.8	54.166666666666664	57.12	14.92
2017-04-04 21:00	952	40.8	60.04	59.2	54.6	14.52
2017-04-04 22:00	866.6666666666666	30.208333333333332	71.5	55.5	51.333333333333336	14.208333333333334
2017-04-04 23:00	864	32.2	67.68	67	49.52	13.44
2017-04-05 00:00	876	33.96	64.24	50.6	50.52	14.56
2017-04-05 01:00	900	39.36	57.44	55.5	52.2	15.6
2017-04-05 02:00	984	48.52	47.36	66.27272727272727	55.4	15.4
2017-04-05 03:00	1164	50.88	45.32	68	54.52	14.24
2017-04-05 04:00	1372	53.08	49.48	62.42857142857143	53.28	14.76
2017-04-05 05:00	1412.5	48.416666666666664	61.416666666666664	70.76470588235294	51.84	17.041666666666668
2017-04-05 06:00	1191.304347826087	41.17391304347826	78.73913043478261	72.0625	57.833333333333336	19.130434782608695
2017-04-05 07:00	1020	29.12	109.72	76.9	64.84	18.08
2017-04-05 08:00	1012	29	111.16	77.4	59.44	17.32
2017-04-05 09:00	1020.8333333333334	32.083333333333336	110.20833333333333	62.714285714285715	53.458333333333336	15.875
2017-04-05 10:00	979.1666666666666	32.64	111.16	61.333333333333336	52.88	14.72
2017-04-05 11:00	937.5	30.875	112.91666666666667	51	52.291666666666664	14.25
2017-04-05 12:00	1075	37.041666666666664	101.125	57.125	43.708333333333336	12.583333333333334
2017-04-05 13:00	1220.8333333333333	49.625	78.5	51.53333333333333	44.166666666666664	12.166666666666666
2017-04-05 14:00	1239.1304347826087	56.4	63.84	63.92307692307692	46.88	13.16
2017-04-05 15:00	1333.3333333333333	54.32	59.44	64.75	49.92	13.84
2017-04-05 16:00	926.0869565217391	45.6	60.92	66.85714285714286	50.84	12.28
2017-04-05 17:00	843.4782608695652	43.64	57.96	55.57142857142857	48.4	11.083333333333334
2017-04-05 18:00	872.7272727272727	45.625	53.625	56.2	48.75	11.08695652173913
2017-04-05 19:00	937.5	51.04	44.32	68.33333333333333	53.32	13.869565217391305
2017-04-05 20:00	995.8333333333334	50.8	42.68	59	56.04	17.916666666666668
2017-04-05 21:00	1012.5	53.64	35.16	73.875	62.96	19.08695652173913
2017-04-05 22:00	1120.8333333333333	58.28	25.958333333333332	84.72727272727273	72.12	18.695652173913043
2017-04-05 23:00	1200	62.56	16.708333333333332	102.15384615384616	85.32	17.608695652173914
2017-04-06 00:00	1341.6666666666667	63.48	11.25	112	92.84	17.304347826086957
2017-04-06 01:00	1404.1666666666667	61	11.24	127.08695652173913	95.32	16.208333333333332
2017-04-06 02:00	1520.8333333333333	59.28	14.52	132.2173913043478	103.84	17.4
2017-04-06 03:00	1695.8333333333333	56.64	22.44	165.79166666666666	121.68	19.96
2017-04-06 04:00	1729.1666666666667	49.36	36.96	184.08333333333334	143.36	22.52
2017-04-06 05:00	1680	46.64	58.2	188.57142857142858	153.56	25.36
2017-04-06 06:00	1617.391304347826	42.17391304347826	86.26086956521739	194.5	157.08695652173913	26.347826086956523
2017-04-06 07:00	1529.1666666666667	36.666666666666664	119.41666666666667	170.54545454545453	156.52	26.916666666666668
2017-04-06 08:00	1360	31.68	138.08	135	138.24	24.04
2017-04-06 09:00	1175	31.125	142.91666666666666	147.75	110.66666666666667	19
2017-04-06 10:00	991.6666666666666	31.166666666666668	141.41666666666666	125.8	87.4	14.708333333333334
2017-04-06 11:00	936	32.56	142.12	95.95	79.88	13.28
2017-04-06 12:00	976	39.08	140.36	117.85714285714286	76.8	13.4
2017-04-06 13:00	1270.8333333333333	68.25	111.875	158.23809523809524	80.20833333333333	14.875
2017-04-06 14:00	1692	69.4	105.88	183.57142857142858	100.36	18.64
2017-04-06 15:00	1496	56.4	115.16	156.13636363636363	115.56	19.52
2017-04-06 16:00	1564	45.28	119.36	164.5	122.52	21.36
2017-04-06 17:00	1376	44.72	92.24	144.82608695652175	110.24	21.52
2017-04-06 18:00	1383.3333333333333	44.166666666666664	93.16666666666667	133.58333333333334	110.83333333333333	21.125
2017-04-06 19:00	1108	43.12	76.04	127.45454545454545	63.4	19.32
2017-04-06 20:00	1096	39.56	72.36	114	50.92	17.84
2017-04-06 21:00	1060	43.24	61.32	121.56	50.6	17.48
2017-04-06 22:00	1156	40.08	62.08	113	51.8	16.76
2017-04-06 23:00	1100	39.12	60.76	110.16	47.48	16.36
2017-04-07 00:00	1032	39.4	57.04	110.16	47.2	14.8
2017-04-07 01:00	1140	48.84	47.56	118.52	50.64	15.72
2017-04-07 02:00	1092	46.6	52.4	124.64	59.6	14.76
2017-04-07 03:00	1120	42.68	58.76	126.36	65.24	16
2017-04-07 04:00	1200	39.333333333333336	65.66666666666667	120.43478260869566	67.875	17.25
2017-04-07 05:00	1172	35	77.36	103.13636363636364	64.64	17.6
2017-04-07 06:00	1120	32.16	89.44	89.95833333333333	59.68	16.2
2017-04-07 07:00	956	28.92	101.76	89.91304347826087	57.8	14.72
2017-04-07 08:00	872	28.96	110.92	96.45833333333333	57.4	14.2
2017-04-07 09:00	913.0434782608696	32.04347826086956	116.69565217391305	97.54166666666667	62.708333333333336	14.956521739130435
2017-04-07 10:00	975	39.083333333333336	109.66666666666667	102.91666666666667	66.08	15.5
2017-04-07 11:00	1084	45.04	103.36	111.41666666666667	66.52	15.52
2017-04-07 12:00	1304	57.28	86.12	118.8	68.04	16.12
2017-04-07 13:00	1444	79.92	55.12	133.25	70.2	16.96
2017-04-07 14:00	1516	90.8	38.32	141.84	76.16	18.4
2017-04-07 15:00	1492	94.16	30.96	146.45833333333334	79.76	17.84
2017-04-07 16:00	1620	96.48	26	145.75	82.04	19.56
2017-04-07 17:00	1968	97.72	21.84	145.72	88.24	20.4
2017-04-07 18:00	1896	99.48	19.583333333333332	148.56	93.6	19.88
2017-04-07 19:00	1792	105.28	13.347826086956522	161.84	93.44	19.56
2017-04-07 20:00	1740	106.68	9.681818181818182	178.32	94.68	18.36
2017-04-07 21:00	1784	105.4	9.380952380952381	178.76	96.28	17
2017-04-07 22:00	1920	104.2	8.15	172.08333333333334	98.4	16
2017-04-07 23:00	2060	105.84	6.333333333333333	165.96	100.44	16.76
2017-04-08 00:00	2224	107.88	5.714285714285714	165.96	100.72	18.36
2017-04-08 01:00	2096	107.24	6.708333333333333	175.875	106.68	21.6
2017-04-08 02:00	2144	96.6	9.958333333333334	162.3913043478261	109.2	23.12
2017-04-08 03:00	2337.5	77.33333333333333	21.416666666666668	140.65	106.91666666666667	27.708333333333332
2017-04-08 04:00	1954.1666666666667	56.333333333333336	34.875	127.52631578947368	88.79166666666667	26.791666666666668
2017-04-08 05:00	1404.1666666666667	42.958333333333336	46.083333333333336	90.3157894736842	60.125	23.125
2017-04-08 06:00	1308.695652173913	37.75	54.25	113.95	42.208333333333336	20.041666666666668
2017-04-08 07:00	1160.8695652173913	35.625	58.625	100.04166666666667	34.5	17.52173913043478
2017-04-08 08:00	1058.3333333333333	34.458333333333336	62.416666666666664	97.43478260869566	29.583333333333332	16.17391304347826
2017-04-08 09:00	960.8695652173913	36.08695652173913	64.29166666666667	100.78260869565217	24.291666666666668	14.478260869565217
2017-04-08 10:00	895.6521739130435	35.625	64.41666666666667	95.79166666666667	19.916666666666668	13.833333333333334
2017-04-08 11:00	930.4347826086956	38.916666666666664	63.583333333333336	93.20833333333333	19.416666666666668	14.041666666666666
2017-04-08 12:00	904.3478260869565	44.333333333333336	60.791666666666664	105.04166666666667	22	15.541666666666666
2017-04-08 13:00	850	52.375	50.958333333333336	94.54166666666667	22.52173913043478	16.708333333333332
2017-04-08 14:00	872	64.04	35.24	96.04	24.52	17.2
2017-04-08 15:00	920.8333333333334	74.70833333333333	23.625	101.08333333333333	26.916666666666668	17
2017-04-08 16:00	964	83.44	14.88	106.70833333333333	32.56	18.96
2017-04-08 17:00	1028	86	10.2	110.68	37.44	17.4
2017-04-08 18:00	1044	86.56	7.875	119.5	41.16	17.88
2017-04-08 19:00	1100	84.36	6.583333333333333	113.20833333333333	50.2	19.16
2017-04-08 20:00	1116	82.64	7.636363636363637	105.47826086956522	51.2	23.72
2017-04-08 21:00	1124	82.76	6.045454545454546	105.95833333333333	50.2	24.44
2017-04-08 22:00	1148	82.08	5.476190476190476	113.375	54.08	25.28
2017-04-08 23:00	1232	79.64	5.2727272727272725	117.44	67.2	26.6
2017-04-09 00:00	1380	78.56	6.045454545454546	121.08333333333333	64.64	25.32
2017-04-09 01:00	1592	78.56	7.666666666666667	143.41666666666666	66.64	26.52
2017-04-09 02:00	1844	77.92	13.875	152.56	71.8	31.76
2017-04-09 03:00	2100	68.2	27.04	144.04166666666666	70.6	34.92
2017-04-09 04:00	2024	58.16	46.28	119	65.32	35.6
2017-04-09 05:00	2064	53.48	56.72	106.65217391304348	62.76	37.8
2017-04-09 06:00	1979.1666666666667	52.791666666666664	61.958333333333336	105.86363636363636	55.333333333333336	35.791666666666664
2017-04-09 07:00	1875	50.708333333333336	65.04166666666667	110.45	52.75	32.375
2017-04-09 08:00	1582.608695652174	45.69565217391305	70.21739130434783	76.85	47.869565217391305	26.52173913043478
2017-04-09 09:00	1258.3333333333333	41.583333333333336	73.41666666666667	65.45454545454545	39.125	22.375
2017-04-09 10:00	1195.6521739130435	41.78260869565217	74.78260869565217	69.52173913043478	32.73913043478261	20.391304347826086
2017-04-09 11:00	1126.0869565217392	41.52173913043478	72.78260869565217	68.30434782608695	32.68181818181818	17.782608695652176
2017-04-09 12:00	1220.8333333333333	46.43478260869565	65.41666666666667	83.17391304347827	31.083333333333332	19.625
2017-04-09 13:00	1241.6666666666667	58.375	49.708333333333336	93.58333333333333	35.583333333333336	19.291666666666668
2017-04-09 14:00	1170.8333333333333	66.75	35.875	94.54166666666667	36.583333333333336	19.583333333333332
2017-04-09 15:00	1141.6666666666667	73.70833333333333	23.25	98.375	38.291666666666664	22.291666666666668
2017-04-09 16:00	1166.6666666666667	81.33333333333333	14.25	101.75	43.958333333333336	25.958333333333332
2017-04-09 17:00	1237.5	82.25	12.5	105.25	47.125	33.708333333333336
2017-04-09 18:00	1341.6666666666667	81.70833333333333	12	99.81818181818181	47.708333333333336	33.666666666666664
2017-04-09 19:00	1304.1666666666667	81.41666666666667	10.521739130434783	108.41666666666667	54.958333333333336	32.958333333333336
2017-04-09 20:00	1370.8333333333333	80.70833333333333	10.73913043478261	111.625	59.458333333333336	32
2017-04-09 21:00	1425	78.125	11.666666666666666	119.70833333333333	61.291666666666664	32.875
2017-04-09 22:00	1537.5	76.70833333333333	11.181818181818182	121.66666666666667	65.04166666666667	34.916666666666664
2017-04-09 23:00	1470.8333333333333	73.04166666666667	13.85	120.20833333333333	64.41666666666667	33.791666666666664
2017-04-10 00:00	1475	74.04166666666667	11.4	121.5	68.29166666666667	33.541666666666664
2017-04-10 01:00	1558.3333333333333	76.25	11.5	132.875	75.125	35.958333333333336
2017-04-10 02:00	1650	77.66666666666667	18.583333333333332	145.41666666666666	78	42
2017-04-10 03:00	1541.6666666666667	66.16666666666667	40.375	125.73913043478261	77.25	40.083333333333336
2017-04-10 04:00	1279.1666666666667	49.083333333333336	65.95833333333333	110.85	69.875	29.333333333333332
2017-04-10 05:00	1112.5	36.916666666666664	85.91666666666667	80.42857142857143	54.333333333333336	22.333333333333332
2017-04-10 06:00	1004.1666666666666	28.583333333333332	101.29166666666667	68	43.708333333333336	17.833333333333332
2017-04-10 07:00	896	24.6	114.76	74.04347826086956	41.625	16.44
2017-04-10 08:00	895.8333333333334	25.375	118.16666666666667	79.73913043478261	42.47826086956522	16.541666666666668
2017-04-10 09:00	904.1666666666666	25.458333333333332	120.16666666666667	82.20833333333333	41.5	17.565217391304348
2017-04-10 10:00	916	25.36	121.04	78.44	43.48	17.48
2017-04-10 11:00	904	29.88	116.44	80.70833333333333	47.56	16.96
2017-04-10 12:00	928	34.08	108.68	93.36	45.36	16.24
2017-04-10 13:00	936	38.4	97.28	101.68	45.24	16.36
2017-04-10 14:00	992	43.84	78.72	119.96	50.48	17.56
2017-04-10 15:00	1016	43.88	69.4	114.56	54.36	18.28
2017-04-10 16:00	1048	45.2	60.96	98.29166666666667	56	19.32
2017-04-10 17:00	1062.5	46.833333333333336	53.75	92.04166666666667	56.125	19.25
2017-04-10 18:00	1020.8333333333334	48.333333333333336	48.458333333333336	87.43478260869566	53.25	18.958333333333332
2017-04-10 19:00	1152	48.12	43.48	85.375	53.52	19.44
2017-04-10 20:00	1056	43.72	45.24	77.13636363636364	50.76	17.68
2017-04-10 21:00	1060	45.64	40.12	72.66666666666667	46.72	16.52
2017-04-10 22:00	1112	51.36	31.833333333333332	80.56	46.52	17.08
2017-04-10 23:00	1232	57.76	21.583333333333332	89.52	52.44	17.8
2017-04-11 00:00	1524	66.88	9.833333333333334	119.28	57.96	19.64
2017-04-11 01:00	1640	68.6	11.625	131.6	71.08	24.48
2017-04-11 02:00	1704	64.12	23.08	156.04166666666666	78	32.28
2017-04-11 03:00	1696	51.64	45.24	157.41666666666666	70.88	34.76
2017-04-11 04:00	1541.6666666666667	38.4	64.84	133.24	56.76	27.68
2017-04-11 05:00	972.7272727272727	22.869565217391305	86.91304347826087	110.56521739130434	41.90909090909091	15.772727272727273
2017-04-11 06:00	804.3478260869565	17.24	95.88	85.6086956521739	26.291666666666668	9.5
2017-04-11 07:00	722.7272727272727	14.375	102.75	73.28571428571429	22.043478260869566	6.913043478260869
2017-04-11 08:00	656.5217391304348	14.04	105.64	53.608695652173914	17.708333333333332	5.782608695652174
2017-04-12 02:00	1960	52.48	66.28	198.36	109.32	42.92
2017-04-12 03:00	1956	52.48	66.28	198.4	109.28	42.88
2017-04-12 04:00	1732	47.8	80.6	186.04	100.52	37.36
2017-04-12 05:00	1384	39.28	96.12	160.63636363636363	85.12	27.6
2017-04-12 06:00	976	28.8	110.8	130.0952380952381	65.16	18.48
2017-04-12 07:00	840	21.2	122.16	93	53.291666666666664	13.84
2017-04-12 08:00	768	18.041666666666668	124.16	72.95	40.16	11.6
2017-04-12 09:00	760.8695652173913	17.217391304347824	126.65217391304348	79.86363636363636	33.130434782608695	10.73913043478261
2017-04-12 10:00	781.8181818181819	20.727272727272727	124.13636363636364	112.70833333333333	30.083333333333332	11.454545454545455
2017-04-12 11:00	888	29.4	110.08	151.8	30.72	13.12
2017-04-12 12:00	1156	50.48	79.28	213.28	37.96	18.28
2017-04-12 13:00	1373.9130434782608	66.08695652173913	56.82608695652174	202.34782608695653	48.65217391304348	23.130434782608695
2017-04-12 14:00	1408.695652173913	68.43478260869566	51.26086956521739	161.52173913043478	48.73913043478261	25.26086956521739
2017-04-12 15:00	1358.3333333333333	67.79166666666667	48.375	138.375	45.5	23.458333333333332
2017-04-12 16:00	1225	67.08333333333333	39.458333333333336	117.54166666666667	45.708333333333336	18.125
2017-04-12 17:00	1225	67.08333333333333	39.458333333333336	116	45.708333333333336	18.125
2017-04-12 18:00	1187.5	64.54166666666667	41.52173913043478	105.54545454545455	44.708333333333336	18
2017-04-12 19:00	1408.3333333333333	69	33.708333333333336	104.625	35.916666666666664	21.5
2017-04-12 20:00	1625	74.29166666666667	25.083333333333332	108.3913043478261	44.25	21.916666666666668
2017-04-12 21:00	1645.8333333333333	76.625	22.375	125	48	22.791666666666668
2017-04-12 22:00	1700	77.08333333333333	21.130434782608695	123.79166666666667	45.541666666666664	24.708333333333332
2017-04-12 23:00	1775	80.91666666666667	16.318181818181817	122	47.75	26.791666666666668
2017-04-13 00:00	1829.1666666666667	82.25	12.782608695652174	120.66666666666667	47.458333333333336	28.5
2017-04-13 01:00	2041.6666666666667	80.70833333333333	15.833333333333334	134.20833333333334	53.083333333333336	33.375
2017-04-13 02:00	2262.5	77.125	23.75	156.95833333333334	63.958333333333336	38.875
2017-04-13 03:00	2379.1666666666665	73.375	33.458333333333336	161.875	67.41666666666667	40.375
2017-04-13 04:00	2216.6666666666665	71.5	42.666666666666664	177.16666666666666	72.625	41.041666666666664
2017-04-13 05:00	2052.1739130434785	70	53.52173913043478	209.25	86.20833333333333	39.78260869565217
2017-04-13 10:00	1932	57.68	87.8	175.1875	121.36	33.12
2017-04-13 11:00	1808.3333333333333	56.041666666666664	84.5	155.45454545454547	98.58333333333333	30.833333333333332
2017-04-13 12:00	1816.6666666666667	64.25	62.291666666666664	163.70833333333334	89	31.75
2017-04-13 13:00	1816.6666666666667	64.25	62.291666666666664	163.70833333333334	89	31.75
2017-04-13 14:00	1791.6666666666667	74.375	33.208333333333336	164.83333333333334	88.08333333333333	26.916666666666668
2017-04-13 15:00	1791.6666666666667	74.375	33.208333333333336	164.83333333333334	88.08333333333333	26.916666666666668
2017-04-13 16:00	1545.8333333333333	66.625	31.041666666666668	136.125	85.125	20.666666666666668
2017-04-13 17:00	1545.8333333333333	66.625	31.041666666666668	136.36363636363637	85.125	20.666666666666668
2017-04-13 18:00	1486.9565217391305	63.82608695652174	31.636363636363637	134.28571428571428	86.65217391304348	19.869565217391305
2017-04-13 19:00	1454.1666666666667	62.916666666666664	24.91304347826087	120.0952380952381	89.91666666666667	19.041666666666668
2017-04-13 20:00	1466.6666666666667	60.166666666666664	24.217391304347824	107.83333333333333	86.41666666666667	18.625
2017-04-13 21:00	1516.6666666666667	60.875	21.652173913043477	104.16666666666667	78.875	19.708333333333332
2017-04-13 22:00	1533.3333333333333	61.791666666666664	19.82608695652174	96.75	77.75	21.625
2017-04-13 23:00	1475	63.041666666666664	18.5	101.8	74.91666666666667	22.916666666666668
2017-04-14 00:00	1508.3333333333333	63.25	15.772727272727273	105.42857142857143	73.41666666666667	22.375
2017-04-14 01:00	1575	63.125	15.173913043478262	118.69565217391305	77.5	24.375
2017-04-14 02:00	1750	61.333333333333336	21.916666666666668	141.8695652173913	90.45833333333333	33.125
2017-04-14 03:00	1766.6666666666667	58.791666666666664	36.791666666666664	144.77272727272728	108.75	39.5
2017-04-14 04:00	1645.8333333333333	59.958333333333336	55.166666666666664	135.13636363636363	108.79166666666667	37.208333333333336
2017-04-14 05:00	1458.3333333333333	48.708333333333336	83.625	119.42105263157895	103.625	30.125
2017-04-14 06:00	1273.9130434782608	37.43478260869565	105.69565217391305	110.66666666666667	75.1304347826087	22.695652173913043
2017-04-15 07:00	979.1666666666666	33.541666666666664	141.52173913043478	143.85714285714286	56.47826086956522	17.375
2017-04-15 08:00	887.5	26.791666666666668	142.65217391304347	103.61904761904762	49.083333333333336	13.625
2017-04-15 09:00	878.2608695652174	26.217391304347824	142.65217391304347	89.41176470588235	50.391304347826086	13.869565217391305
2017-04-15 10:00	869.5652173913044	27.304347826086957	147.65217391304347	119.38095238095238	46.130434782608695	14.173913043478262
2017-04-15 11:00	921.7391304347826	34.130434782608695	147.52173913043478	122.21739130434783	49.78260869565217	16.608695652173914
2017-04-15 12:00	982.6086956521739	50.04347826086956	133.2173913043478	119.54545454545455	55.52173913043478	18.304347826086957
2017-04-15 13:00	1047.8260869565217	74.34782608695652	96.6086956521739	164.34782608695653	60.47826086956522	19.17391304347826
2017-04-15 14:00	1227.2727272727273	79.9090909090909	70.5	170.52380952380952	65.0909090909091	20.136363636363637
2017-04-15 15:00	1209.090909090909	73.27272727272727	62.09090909090909	163.95238095238096	64	21.5
2017-04-15 16:00	1159.090909090909	67.5909090909091	60.45454545454545	146.22727272727272	61.81818181818182	20.727272727272727
2017-04-15 17:00	1177.2727272727273	74.81818181818181	47.36363636363637	152.5909090909091	69.54545454545455	22.454545454545453
2017-04-15 18:00	1278.2608695652175	83.5	33.04347826086956	179.04545454545453	70.54545454545455	25.47826086956522
2017-04-15 19:00	1626.0869565217392	79	28.08695652173913	202.54545454545453	80.52173913043478	29.52173913043478
2017-04-15 20:00	1586.9565217391305	75.82608695652173	32.68181818181818	208.08695652173913	90	30.391304347826086
2017-04-15 21:00	1521.7391304347825	77.52173913043478	24.454545454545453	172.27272727272728	108.1304347826087	29.782608695652176
2017-04-15 22:00	1460.8695652173913	76.95652173913044	24.428571428571427	166.4090909090909	101	29.52173913043478
2017-04-15 23:00	1534.7826086956522	73.26086956521739	25.80952380952381	151.0952380952381	94.08695652173913	31.043478260869566
2017-04-16 00:00	1417.391304347826	67.91304347826087	29.333333333333332	127.05	87.69565217391305	31.391304347826086
2017-04-16 01:00	1378.2608695652175	66.3913043478261	29.82608695652174	129.2608695652174	81.43478260869566	31.347826086956523
2017-04-16 02:00	1556.5217391304348	72.43478260869566	29.130434782608695	164.43478260869566	77.91304347826087	33.608695652173914
2017-04-16 03:00	1639.1304347826087	68.08695652173913	40.47826086956522	198.3913043478261	83.95652173913044	35.47826086956522
2017-04-16 04:00	1821.7391304347825	62.52173913043478	58.78260869565217	260.04347826086956	94.04347826086956	34.21739130434783
2017-04-16 05:00	1940.909090909091	50.5	94.0909090909091	284.54545454545456	118.18181818181819	33.95454545454545
2017-04-16 06:00	1854.1666666666667	47.041666666666664	114.5	285.40909090909093	128.41666666666666	34.5
2017-04-16 07:00	1820.8333333333333	44.416666666666664	126.125	249.45454545454547	143.25	34.375
2017-04-16 08:00	1845.8333333333333	44.75	128.95833333333334	211.65217391304347	138.95833333333334	32.333333333333336
2017-04-16 09:00	1750	49.375	122.54166666666667	191.56521739130434	134.25	30.416666666666668
2017-04-16 10:00	1595.6521739130435	51.56521739130435	115.47826086956522	186.14285714285714	134.625	26.17391304347826
2017-04-16 11:00	1604.5454545454545	57.22727272727273	102.45454545454545	175.6818181818182	128.8695652173913	22.636363636363637
2017-04-16 12:00	1769.5652173913043	69.04347826086956	83.6086956521739	174.2608695652174	124.625	22.26086956521739
2017-04-16 13:00	1750	76.54166666666667	67.20833333333333	171.65217391304347	120.04166666666667	20.583333333333332
2017-04-16 14:00	1729.1666666666667	75.375	54.125	171.56521739130434	122.91666666666667	19.291666666666668
2017-04-16 15:00	1629.1666666666667	81.08333333333333	35.208333333333336	176.1818181818182	123.08333333333333	17.666666666666668
2017-04-16 16:00	1479.1666666666667	69.79166666666667	34.333333333333336	149.61111111111111	105.95833333333333	16.583333333333332
2017-04-16 17:00	1478.2608695652175	66.04347826086956	35.27272727272727	146.46666666666667	96.1304347826087	17.08695652173913
2017-04-16 18:00	1395.6521739130435	63.65217391304348	31.681818181818183	109.07142857142857	100.30434782608695	16.73913043478261
2017-04-16 19:00	1487.5	55.25	28.82608695652174	111	86.95833333333333	17.458333333333332
2017-04-16 20:00	1529.1666666666667	50.083333333333336	28.75	107.84615384615384	86.5	16.75
2017-04-16 21:00	1562.5	47.208333333333336	32.208333333333336	141.75	89.875	15.083333333333334
2017-04-16 22:00	1666.6666666666667	44.916666666666664	35.541666666666664	103	87.70833333333333	15.041666666666666
2017-04-16 23:00	1733.3333333333333	45.083333333333336	33.52173913043478	103.6	89.91666666666667	15.375
2017-04-17 00:00	1720.8333333333333	45.333333333333336	30.869565217391305	127	99	15.041666666666666
2017-04-17 01:00	1641.6666666666667	42.916666666666664	33	127.9090909090909	108.04166666666667	14.458333333333334
2017-04-17 02:00	1683.3333333333333	39.208333333333336	30.791666666666668	137.35714285714286	117.91666666666667	13.625
2017-04-17 03:00	1720.8333333333333	35.791666666666664	35.541666666666664	156.72222222222223	129.45833333333334	13.541666666666666
2017-04-17 04:00	1758.3333333333333	38.583333333333336	73.625	190.2173913043478	151.45833333333334	18.333333333333332
2017-04-17 05:00	1761.904761904762	38.095238095238095	77.71428571428571	188.66666666666666	150.85714285714286	19.095238095238095
2017-04-17 06:00	1609.090909090909	34.09090909090909	113	184.9090909090909	151.6818181818182	20.272727272727273
2017-04-17 07:00	1356.5217391304348	28.17391304347826	127.17391304347827	207.3684210526316	130.3181818181818	17.391304347826086
2017-04-17 08:00	1162.5	27.652173913043477	122.79166666666667	247.91304347826087	115.45833333333333	13.875
2017-04-17 09:00	1075	31.166666666666668	115.54166666666667	282.8636363636364	114.29166666666667	12.666666666666666
2017-04-17 10:00	1000	32.625	110.375	299.54545454545456	110.45833333333333	11.958333333333334
2017-04-17 11:00	929.1666666666666	32.458333333333336	105.5	258	106.66666666666667	10.583333333333334
2017-04-17 12:00	962.5	47.541666666666664	86.33333333333333	235.70833333333334	90.58333333333333	10.583333333333334
2017-04-17 13:00	970.8333333333334	54.958333333333336	77.79166666666667	245.33333333333334	86.75	10.916666666666666
2017-04-17 14:00	956	45.88	80.2	260.3809523809524	83.52	11.72
2017-04-17 15:00	872	30	90.44	330.125	78.68	11.08
2017-04-17 16:00	796	20.72	97.52	285.44	69.68	9.08
2017-04-17 17:00	768	20.2	84.28	175.48	47.12	7.12
2017-04-17 18:00	748	22.92	77.4	133.68	37.88	7.64
2017-04-17 19:00	720	23.72	76.56	81.08	24.84	7.208333333333333
2017-04-17 20:00	748	22.32	80.36	78.16	21.84	6.958333333333333
2017-04-17 21:00	716	17.96	92.44	137.08	29.8	6.416666666666667
2017-04-17 22:00	752	17.08	95.84	139.72	34	6.173913043478261
2017-04-17 23:00	772	19.84	91.2	149.64	34.28	6.782608695652174
2017-04-18 00:00	740	21.16	87.68	148.36	28.68	6.608695652173913
2017-04-18 01:00	732	19.88	86.72	206.32	32.24	5.7272727272727275
2017-04-18 02:00	692	15.64	92.12	214.36	31.04	5.333333333333333
2017-04-18 03:00	744	15.08	92.92	147.28	33.44	5.681818181818182
2017-04-18 04:00	712	13.44	95.44	128.52	22.6	5.2727272727272725
2017-04-18 05:00	708	13.2	102.2	120.96	21.48	5.318181818181818
2017-04-18 06:00	700	12.16	107	119.24	21.84	5.428571428571429
2017-04-18 07:00	704	12.64	112.72	104.04	21.12	5.380952380952381
2017-04-18 08:00	712	13.32	115.32	94.92	24.04	5.428571428571429
2017-04-18 09:00	708	13.64	117.36	88.68	27.44	5.380952380952381
2017-04-18 10:00	720	18.08	112.64	109.88	21	5.590909090909091
2017-04-18 11:00	724	19.6	110.36	84.12	18.68	5.590909090909091
2017-04-18 12:00	724	19.6	110.36	84.12	18.68	5.590909090909091
2017-04-18 15:00	1192	94.48	10.2	119.8	39.24	12.36
2017-04-18 16:00	1192	95.96	8.56	130.12	42.2	14.4
2017-04-18 17:00	1184	85.56	17.08	113.12	40.64	16.16
2017-04-18 18:00	1184	85.56	17.08	113.12	40.64	16.16
2017-04-18 19:00	1204	74.04	30.64	125.08	38.52	17.32
2017-04-18 20:00	1108	46.36	59.04	127.48	48.96	14.666666666666666
2017-04-18 21:00	1028	35.36	69.68	118.91666666666667	35.04	11.541666666666666
2017-04-18 22:00	980	31.64	72	107	31.84	10.083333333333334
2017-04-18 23:00	976	32	71.08	103.68	32.84	10.291666666666666
2017-04-19 00:00	1016	36	66.08	105.12	30.24	11.125
2017-04-19 01:00	1076	40.08	61.8	103.28	30.56	12.88
2017-04-19 02:00	1116	40.68	63.4	101.16	31.4	13.04
2017-04-19 03:00	1128	41.36	65.32	103.24	30.92	14.52
2017-04-19 04:00	1132	43.52	67.24	116.8	32.68	16.4
2017-04-19 05:00	1212	46.36	65.28	110.8	35.2	17.2
2017-04-19 06:00	1092	44.72	68	99.52	38.04	15.8
2017-04-19 07:00	1064	44.76	67.08	95.12	33.16	14.44
2017-04-19 08:00	1112	49.6	64.32	99.24	34.96	15.76
2017-04-19 09:00	1104.1666666666667	56.916666666666664	57.791666666666664	107.25	37.75	16.583333333333332
2017-04-19 10:00	1212	71.44	44.44	130.8	40.4	16.92
2017-04-19 11:00	1236	73.88	41.56	133.68	40.76	16.96
2017-04-19 12:00	1300	85.88	27.32	142.48	44.96	17.56
2017-04-19 13:00	1528	94.12	13.4	161.96	50.84	17.48
2017-04-19 14:00	1488	91.16	9.84	160.16	56.72	16.84
2017-04-19 15:00	1560	88.96	7.208333333333333	153.52	64.64	17.72
2017-04-19 16:00	1604	87	5.916666666666667	156.8	70.2	19.72
2017-04-19 17:00	1588	85.28	5.541666666666667	167.16	75.44	19.96
2017-04-19 18:00	1648	81.24	5.208333333333333	169.84	84.36	18.72
2017-04-19 19:00	1668	79.36	5.166666666666667	176.44	85.68	18.32
2017-04-19 20:00	1776	76.88	5.086956521739131	178.6	89.24	21
2017-04-19 21:00	1752	73.44	4.956521739130435	177.64	96	22.84
2017-04-19 22:00	1856	68.92	4.956521739130435	172.28	103.6	23.6
2017-04-19 23:00	1908	65.08	5.260869565217392	171.4	105.04	20.36
2017-04-20 00:00	1912	59.72	8.8	162.88	102.08	19.08
2017-04-20 01:00	1780	59.6	16.56	160	103.32	24.64
2017-04-20 02:00	1764	61.92	29.32	176.68	114.76	33.96
2017-04-20 03:00	1492	50.12	73.2	159.88	110.8	29.88
2017-04-20 04:00	1492	50.12	73.2	157.04166666666666	110.8	29.88
2017-04-20 05:00	1244	35.28	94.76	132.72727272727272	90.4	21.16
2017-04-20 06:00	916.6666666666666	24.5	115.20833333333333	105.22727272727273	48.625	12.458333333333334
2017-04-20 07:00	916.6666666666666	24.5	115.20833333333333	105.22727272727273	48.625	12.458333333333334
2017-04-20 08:00	896	31.08	111.88	119.48	43.32	13.44
2017-04-20 09:00	912	36.04	103.72	136.96	46.56	12
2017-04-20 10:00	932	35.84	103.2	134.29166666666666	45.8	12
2017-04-20 11:00	940	45	90.36	115.44	43	10.92
2017-04-20 12:00	1032	59.52	69.2	120.52	42.32	11.84
2017-04-20 13:00	1120	69.56	53.16	124.68	46.08	12
2017-04-20 14:00	1064	61.2	56.92	112.44	48.84	11.48
2017-04-20 15:00	996	58.08	54.36	91.72	44.72	11.44
2017-04-20 16:00	1004	53.92	55.16	85.04	42.32	11.44
2017-04-20 17:00	1028	58.36	49.12	77.36	42.44	10.96
2017-04-20 18:00	1072	65.48	42.96	75.36	45.16	11.2
2017-04-20 19:00	1092	62.84	41.24	74.48	46.44	12.48
2017-04-20 20:00	1204	60.88	38.76	75.20833333333333	47.92	13.52
2017-04-20 21:00	1328	61.96	33.28	76.68	50.52	14.6
2017-04-20 22:00	1388	61.28	26.32	86.125	52	16.12
2017-04-20 23:00	1300	57.96	26.4	100.6	46.76	18.24
2017-04-21 00:00	1244	49.56	38.4	106.36	41.64	19.96
2017-04-21 01:00	1284	39.92	54.8	100.96	41.28	20.56
2017-04-21 02:00	1392	33.64	69.76	100.72	41.04	21.36
2017-04-21 03:00	1268	27.36	83.2	94.2	40.64	18.68
2017-04-21 04:00	1275	26.958333333333332	83.91666666666667	94.30434782608695	41.25	18.583333333333332
2017-04-21 05:00	962.5	19	107.5	89.20833333333333	31.958333333333332	11.666666666666666
2017-04-21 06:00	820.8333333333334	16.916666666666668	118.41666666666667	66.95833333333333	28.625	9.333333333333334
2017-04-21 07:00	780	17.16	123.84	64.33333333333333	28.666666666666668	8.56
2017-04-21 08:00	756	17.16	128.96	57.96	27.44	7.8
2017-04-21 09:00	712	16.8	131.04	53.84	25.72	6.72
2017-04-21 10:00	728	21.32	125.64	61.4	21.84	6.76
2017-04-21 11:00	776	37.52	102.12	81.64	23.52	8.24
2017-04-21 12:00	916	61.68	67.88	111.44	30.2	9.92
2017-04-21 13:00	916	61.68	67.88	111.44	30.2	9.92
2017-04-21 14:00	1096	64.08	58.44	125.6	36.32	13.64
2017-04-21 15:00	1248	57.88	57.76	145.16	44.16	17.32
2017-04-21 16:00	1416	56.2	56.52	146.64	53.24	17.44
2017-04-21 17:00	1276	53.88	58.64	146.56	53.8	16.12
2017-04-21 18:00	1104	48.48	60.32	136.96	52.16	15.08
2017-04-21 19:00	1164	48.32	55.04	127.92	52.28	15.64
2017-04-21 20:00	1232	52.04	45.88	124.64	58.04	16.76
2017-04-21 21:00	1260	55.6	39.24	118.88	58.32	16.24
2017-04-21 22:00	1260	58.04	36.625	113.84	57.64	16.76
2017-04-21 23:00	1232	56.36	36.6	111.32	55.88	17.2
2017-04-22 00:00	1352	55.28	39.56	119	58.4	21.36
2017-04-22 01:00	1448	51.4	47.32	135.64	62.36	29
2017-04-22 02:00	1444	46.84	57.88	141.84	66.44	31.52
2017-04-22 03:00	1400	43.88	68.4	138.68	67.72	30.12
2017-04-22 04:00	1316	38.96	81.36	138.12	64.2	26.92
2017-04-22 05:00	1140	30.333333333333332	97.32	127.04166666666667	59.8	21.88
2017-04-22 06:00	1008	22.32	115.28	118.32	54.72	17.2
2017-04-22 07:00	944	18.8	125	122.8	46.04	14.84
2017-04-22 08:00	912	18.04	130.68	130.8	45.56	13.84
2017-04-22 09:00	892	18.08	135.6	145.72	42.8	12.92
2017-04-22 10:00	892	18.72	137.68	145.44	45.96	12.64
2017-04-22 11:00	912	20.96	136	161.92	45.84	12.92
2017-04-22 12:00	952	24.8	130.84	175.92	43.72	13.44
2017-04-22 13:00	1012	28.36	121.88	158.28	44.92	14.36
2017-04-22 14:00	1048	29.44	113.4	133.76	52.56	14.52
2017-04-22 15:00	1036	29.64	110.44	123.56	47.64	15.12
2017-04-22 16:00	1032	29.52	107.24	114.12	50.56	15.72
2017-04-22 17:00	1056	28.84	106.36	103.56	51.12	16.28
2017-04-22 18:00	1048	30.36	98.28	99.76	50.8	17.08
2017-04-22 19:00	1052	35.92	84.88	100.88	49.8	16.24
2017-04-22 20:00	1088	41.04	71.44	101.72	52.24	16.08
2017-04-22 21:00	1208	54.72	53.08	110	59.32	17.64
2017-04-22 22:00	1256	65	41.08	122.4	64	18.88
2017-04-22 23:00	1176	62.12	40.48	121.41666666666667	61.72	18.04
2017-04-23 00:00	936	42.6	54.56	108.20833333333333	82.68	13.4
2017-04-23 01:00	888	26.44	74	91.95652173913044	39.44	11.36
2017-04-23 02:00	816	17.76	92.4	83.32	29.72	9.28
2017-04-23 03:00	784	14.8	100.8	81.8	27.08	7.88
2017-04-23 04:00	880	17.28	102.72	92.68	26	9.84
2017-04-23 05:00	860	15.52	107.32	74.2	27.32	9.96
2017-04-23 06:00	796	14.92	112.48	59.24	22.2	8.24
2017-04-23 07:00	820	16.24	113.92	82.54166666666667	22.04	9.08
2017-04-23 08:00	920	21.2	110.24	144.88	25.08	13.48
2017-04-23 09:00	972	24.76	110.92	151.16	36.68	16
2017-04-23 10:00	972	24.76	111.28	148.48	36.32	15.84
2017-04-23 11:00	1052	32.6	111.6	126.32	39.76	14.64
2017-04-23 12:00	1108	42.88	101.64	112.92	40.96	13.72
2017-04-23 13:00	1128	51.32	89	114.56	45.8	13.56
2017-04-23 14:00	1220	56.36	79.24	115.04	49.12	13.12
2017-04-23 15:00	1468	60.52	70.68	112	53.36	14
2017-04-23 16:00	1608	62.88	63.16	105.88	58.24	15.32
2017-04-23 17:00	1528	61.4	61.16	107.16	59.52	14.92
2017-04-23 18:00	1360	54.88	64.28	106.79166666666667	62.44	15.28
2017-04-23 19:00	1360	57.48	55.708333333333336	107.75	61.92	16.08
2017-04-23 20:00	1368	54.08	56.291666666666664	113.04347826086956	64.16	16.6
2017-04-23 21:00	1552	62.96	41.08	110.41666666666667	74.24	19.68
2017-04-23 22:00	2092	69.08	27.8	122.68	78	23.96
2017-04-23 23:00	2704	71.2	24.6	125.08	82.8	31.8
2017-04-24 00:00	3564	79.84	25.2	148.16	90.24	46.12
2017-04-24 01:00	3856	79.68	37.48	165.36	103.04	60.72
2017-04-24 02:00	3124	65.56	65.16	152.875	104.2	54.2
2017-04-24 03:00	2144	44.64	89.48	130.8	83.24	34.24
2017-04-24 04:00	2056	38.16	102.24	125.17391304347827	66.4	30.16
2017-04-24 05:00	1536	27.96	111.96	98.33333333333333	59.12	21.32
2017-04-24 06:00	1016	20.88	118.52	84	41.48	12.24
2017-04-24 07:00	936	19.48	118.6	87.8695652173913	37.458333333333336	11.96
2017-04-24 08:00	988	23.28	120.64	116.95833333333333	42.04	15.16
2017-04-24 09:00	1060	27.48	119.44	133.25	41.4	17.08
2017-04-24 10:00	1064	30.6	122.52	112.56	46.96	16.4
2017-04-24 11:00	1076	46.16	101.48	104.72	54.08	14
2017-04-24 12:00	1076	46.24	101.44	104.76	55.08	13.96
2017-04-24 13:00	1136	56.48	82.8	107.64	49.16	14.04
2017-04-24 14:00	1236	76.52	52.44	129	50.68	14.52
2017-04-24 15:00	1304	88.92	34.64	125	55.76	14.28
2017-04-24 16:00	1140	80.44	33.4	117.66666666666667	61.64	11.72
2017-04-24 17:00	1012	67.8	40.36	94.04545454545455	54.04	10.84
2017-04-24 18:00	1136	66.16	32.8	126.125	47.52	13.8
2017-04-24 19:00	1288	58.96	37	91.64	46.32	15.52
2017-04-24 20:00	1176	50.76	42.833333333333336	76.20833333333333	47.48	15.36
2017-04-24 21:00	1268	48.12	41.666666666666664	71.84210526315789	45.28	15.24
2017-04-24 22:00	1108	44.64	40.88	65.66666666666667	38.68	15.44
2017-04-24 23:00	1060	45.96	37.64	53.208333333333336	31.6	14.64
2017-04-25 00:00	996	49.56	33.68	63.041666666666664	29	15.2
2017-04-25 01:00	1028	44.12	41.28	66.69565217391305	28	13.24
2017-04-25 02:00	836	26.84	63.12	55.26086956521739	25.2	10
2017-04-25 03:00	748	18.28	73.96	41.416666666666664	17.32	6.84
2017-04-25 04:00	748	16.4	75.8	38.12	14.88	6.625
2017-04-25 05:00	728	16.48	76.2	42.12	14.48	7.125
2017-04-25 06:00	720.8333333333334	16.208333333333332	79.875	39.69565217391305	14.708333333333334	6.956521739130435
2017-04-25 07:00	700	15.708333333333334	81.70833333333333	31.73913043478261	13.166666666666666	6.521739130434782
2017-04-25 08:00	679.1666666666666	15.875	86.83333333333333	33.130434782608695	13.333333333333334	6.434782608695652
2017-04-25 09:00	679.1666666666666	16.083333333333332	89.95833333333333	33.23809523809524	12.08695652173913	6.695652173913044
2017-04-25 10:00	675	17.166666666666668	91.25	31.130434782608695	13.666666666666666	6.086956521739131
2017-04-25 11:00	733.3333333333334	21.083333333333332	90.45833333333333	43.166666666666664	15.5	6.695652173913044
2017-04-25 12:00	800	32.416666666666664	77.625	44.708333333333336	15	8.25
2017-04-25 13:00	883.3333333333334	57.083333333333336	47.5	74.04166666666667	19.25	11.125
2017-04-25 14:00	1034.7826086956522	78.69565217391305	23.82608695652174	87.65217391304348	24.652173913043477	12.91304347826087
2017-04-25 15:00	1126.0869565217392	86.21739130434783	17.130434782608695	103.17391304347827	32.91304347826087	14.565217391304348
2017-04-25 16:00	1234.7826086956522	83.47826086956522	17.272727272727273	96.65217391304348	37.78260869565217	16.043478260869566
2017-04-25 17:00	1209.090909090909	76	18.681818181818183	92.04761904761905	39.45454545454545	17.59090909090909
2017-04-25 18:00	1426.0869565217392	83.34782608695652	9.304347826086957	85.81818181818181	41.391304347826086	21.652173913043477
2017-04-25 19:00	1382.608695652174	80.69565217391305	9.636363636363637	87.47826086956522	45.26086956521739	20.08695652173913
2017-04-25 20:00	1326.0869565217392	81.1304347826087	7.666666666666667	90.30434782608695	47.869565217391305	23.26086956521739
2017-04-25 21:00	1343.4782608695652	81.43478260869566	6.473684210526316	103.95652173913044	52.73913043478261	23.08695652173913
2017-04-25 22:00	1308.695652173913	81.8695652173913	6.684210526315789	102.47826086956522	54.95652173913044	23.782608695652176
2017-04-25 23:00	1291.304347826087	81.1304347826087	7.136363636363637	107.65217391304348	56.391304347826086	24.26086956521739
2017-04-26 00:00	1186.9565217391305	78.69565217391305	13.434782608695652	107.08695652173913	56.869565217391305	22.217391304347824
2017-04-26 01:00	965.2173913043479	62.17391304347826	35.21739130434783	88.95652173913044	47.69565217391305	13.869565217391305
2017-04-26 02:00	782.6086956521739	31.565217391304348	70.73913043478261	59.666666666666664	28.956521739130434	8.478260869565217
2017-04-26 03:00	669.5652173913044	17.82608695652174	91.04347826086956	57.1	19.26086956521739	6.545454545454546
2017-04-26 04:00	665.2173913043479	14.478260869565217	98.6086956521739	52.31818181818182	18.695652173913043	6.2272727272727275
2017-04-26 05:00	656.5217391304348	12.826086956521738	103.95652173913044	51.95454545454545	15.434782608695652	6.142857142857143
2017-04-26 06:00	668.1818181818181	11.181818181818182	108.45454545454545	46.86363636363637	17.136363636363637	5.85
2017-04-26 07:00	663.6363636363636	12.55	112.22727272727273	39.95454545454545	17.727272727272727	5.6
2017-04-26 08:00	660.8695652173913	13.571428571428571	113.91304347826087	34.45454545454545	18.217391304347824	5.714285714285714
2017-04-26 09:00	659.0909090909091	14	116.68181818181819	33.15	18.363636363636363	5.6
2017-04-26 10:00	690.4761904761905	16.210526315789473	115.9047619047619	33.4	16.047619047619047	5.578947368421052
2017-04-26 11:00	700	18.85	113.81818181818181	36	18.571428571428573	5.428571428571429
2017-04-26 12:00	740.9090909090909	28.818181818181817	98.68181818181819	52.61904761904762	17.90909090909091	6.15
2017-04-26 13:00	830.4347826086956	50.47826086956522	69.30434782608695	88.45454545454545	19.391304347826086	7.954545454545454
2017-04-26 14:00	895.6521739130435	61.52173913043478	53.82608695652174	83.82608695652173	25.73913043478261	10.090909090909092
2017-04-26 15:00	895.6521739130435	61.52173913043478	53.82608695652174	80.18181818181819	26.5	10.090909090909092
2017-04-26 16:00	986.9565217391304	66.65217391304348	41.65217391304348	87.8695652173913	30.91304347826087	13.727272727272727
2017-04-26 17:00	973.9130434782609	69.1304347826087	35.391304347826086	95.30434782608695	34.47826086956522	13.26086956521739
2017-04-26 18:00	991.304347826087	74.26086956521739	23.130434782608695	86.8695652173913	33.82608695652174	15.391304347826088
2017-04-26 19:00	1026.0869565217392	79.08695652173913	15.130434782608695	87.43478260869566	36.21739130434783	17.52173913043478
2017-04-26 20:00	1026.0869565217392	77.69565217391305	14.73913043478261	87.6086956521739	40.95454545454545	16.956521739130434
2017-04-26 21:00	1130.4347826086957	79.04347826086956	12.636363636363637	89.3913043478261	40.30434782608695	20.608695652173914
2017-04-26 22:00	1243.4782608695652	78.95652173913044	12.545454545454545	86.3913043478261	43.869565217391305	22.782608695652176
2017-04-26 23:00	1204.3478260869565	77.1304347826087	14.681818181818182	86.47826086956522	47.21739130434783	22.52173913043478
2017-04-27 00:00	1139.1304347826087	70.21739130434783	22.869565217391305	87.34782608695652	44.08695652173913	19.434782608695652
2017-04-27 01:00	1043.4782608695652	57.56521739130435	39.52173913043478	85.34782608695652	40.391304347826086	14.652173913043478
2017-04-27 02:00	900	41.69565217391305	60.73913043478261	80.04545454545455	34.65217391304348	10.782608695652174
2017-04-27 03:00	768.1818181818181	31.17391304347826	76.73913043478261	75.45454545454545	27.52173913043478	7.913043478260869
2017-04-27 04:00	731.8181818181819	24	90.3913043478261	60.34782608695652	22.434782608695652	6.818181818181818
2017-04-27 05:00	695.4545454545455	18.82608695652174	100.52173913043478	52.608695652173914	20.434782608695652	5.904761904761905
2017-04-27 06:00	650	13.391304347826088	116.8695652173913	34.22222222222222	16.391304347826086	5.476190476190476
2017-04-27 07:00	657.1428571428571	13.181818181818182	117.95454545454545	36.59090909090909	17.136363636363637	5.55
2017-04-27 08:00	654.5454545454545	14	124.47826086956522	49.608695652173914	20.565217391304348	5.7272727272727275
2017-04-27 09:00	654.5454545454545	14.92	123.32	51.3	20.565217391304348	5.48
2017-04-27 10:00	733.3333333333334	14.92	123.32	30.5	25	5.48
2017-04-27 11:00	733.3333333333334	14.92	123.32	30.5	25	5.48
2017-04-27 12:00	721.7391304347826	24.36	111.16	94.72727272727273	26.52173913043478	7.32
2017-04-27 13:00	795.6521739130435	33.56521739130435	93.30434782608695	109.78260869565217	26.08695652173913	8.434782608695652
2017-04-27 14:00	913.0434782608696	36.73913043478261	82.26086956521739	110.04347826086956	34	10.956521739130435
2017-04-27 15:00	947.8260869565217	36	78.08695652173913	110.52173913043478	34.56521739130435	12.304347826086957
2017-04-27 16:00	882.6086956521739	33.82608695652174	74.78260869565217	109.47826086956522	31.608695652173914	13.130434782608695
2017-04-27 17:00	882.6086956521739	39.08	61.6	109.47826086956522	31.608695652173914	16.16
2017-04-27 18:00	881.8181818181819	47.18181818181818	48.61904761904762	122.28571428571429	38.333333333333336	20
2017-04-27 20:00	1166.6666666666667	67	20.434782608695652	130.2173913043478	51.458333333333336	30.291666666666668
2017-04-27 21:00	1166.6666666666667	67	20.434782608695652	130.2173913043478	51.458333333333336	30.291666666666668
2017-04-27 22:00	1337.5	73.45833333333333	13.904761904761905	131.30434782608697	57.166666666666664	33
2017-04-27 23:00	1241.6666666666667	73.54166666666667	13.956521739130435	116.3913043478261	57.708333333333336	27.791666666666668
2017-04-28 00:00	1112.5	69.16666666666667	23.125	107	54.916666666666664	22.541666666666668
2017-04-28 01:00	1064	65.56	32.84	108.41666666666667	52.48	16.12
2017-04-28 02:00	892	52.68	53.12	103.47826086956522	49.36	11.24
2017-04-28 03:00	728	24.68	98.32	65.65217391304348	47.28	7.84
2017-04-28 04:00	691.304347826087	24.291666666666668	99.41666666666667	62.4	47.28	7.521739130434782
2017-04-28 05:00	683.3333333333334	19.26086956521739	114.17391304347827	58.68421052631579	33.625	6.75
2017-04-28 06:00	712.5	16.666666666666668	122.6	49.1	30.4	6.166666666666667
2017-04-28 07:00	725	16.833333333333332	133.84	53.2	31.6	6.041666666666667
2017-04-28 08:00	725	16.833333333333332	133.84	53.31818181818182	32.416666666666664	6
2017-04-28 09:00	726.0869565217391	17.4	139.54166666666666	50.04347826086956	28.791666666666668	6
2017-04-28 10:00	724	19.24	144.25	64.91666666666667	28.52	6.32
2017-04-28 11:00	783.3333333333334	26.416666666666668	138.54166666666666	76.83333333333333	30.083333333333332	7.041666666666667
2017-04-28 12:00	833.3333333333334	45	106.91666666666667	108.70833333333333	32.208333333333336	7.916666666666667
2017-04-28 13:00	944	69.8	69.6	112.48	35.52	10.28
2017-04-28 14:00	988	80.72	48.4	125.4	42.08	11.48
2017-04-28 15:00	1044	82.12	40.56	135.32	47.96	13.08
2017-04-28 16:00	1160.8695652173913	82.52173913043478	35.30434782608695	135.82608695652175	47.869565217391305	16.695652173913043
2017-04-28 17:00	1238.095238095238	84.66666666666667	25.285714285714285	144	54.714285714285715	17.714285714285715
2017-04-28 18:00	1088	83.12	18.4	131.44	56.32	16.64
2017-04-28 19:00	1104	80.48	15.32	120.68	51.52	15.32
2017-04-28 20:00	1200	84.30434782608695	9.347826086956522	131.2173913043478	51.43478260869565	16.869565217391305
2017-04-28 21:00	1156	82.04	8.458333333333334	123.04	53.92	16.08
2017-04-28 22:00	1220.8333333333333	80.5	8.565217391304348	115.54166666666667	50.25	16.125
2017-04-28 23:00	1154.1666666666667	76.83333333333333	11.478260869565217	113.41666666666667	50.75	16.375
2017-04-29 00:00	1252	76.64	13.52	134.76	56.72	16.92
2017-04-29 01:00	1292	76.48	20.08	149.32	61.56	19.76
2017-04-29 02:00	1304	65.68	38.24	142.64	62.88	17.96
2017-04-29 03:00	1216	50.28	67.28	121	60.28	14.8
2017-04-29 04:00	858.3333333333334	28	97.08333333333333	86.17391304347827	51.333333333333336	8.958333333333334
2017-04-29 05:00	804.1666666666666	20.08	114.68	77	40.68	7.6
2017-04-29 06:00	760	16.04	126.8	78.875	39.32	7.28
2017-04-29 07:00	700	14.84	128	74.875	42.52	6.84
2017-04-29 08:00	696	14.52	130.2	71.17391304347827	46.96	6.92
2017-04-29 09:00	704	15.08	131.72	88.84	38.92	6.64
2017-04-29 10:00	688	16.84	127.92	90.4	38.88	6.68
2017-04-29 11:00	736	20.68	116.08	90.04166666666667	39.28	6.92
2017-04-29 12:00	764	28.08	104.04	108.4	41.52	7.72
2017-04-29 13:00	812	31.84	90.2	123.12	44.4	9.08
2017-04-29 14:00	892	36.583333333333336	81.96	141.24	47.12	12.52
2017-04-29 15:00	1040	39.708333333333336	78.2	147.04	48.44	15.44
2017-04-29 16:00	1024	39.666666666666664	71.68	140.8	52.32	15.68
2017-04-29 17:00	1045.8333333333333	41.34782608695652	67.70833333333333	137.29166666666666	52.875	17.208333333333332
2017-04-29 18:00	1172.7272727272727	46.95238095238095	57.27272727272727	145.04545454545453	53.5	20.863636363636363
2017-04-29 19:00	1436.3636363636363	49.333333333333336	53.68181818181818	150.3181818181818	60.90909090909091	28.227272727272727
2017-04-29 20:00	1518.1818181818182	55.42857142857143	43.86363636363637	163.22727272727272	69.5	32.59090909090909
2017-04-29 21:00	1454.5454545454545	61.476190476190474	35.59090909090909	157.8181818181818	70.31818181818181	31.136363636363637
2017-04-29 22:00	1381.8181818181818	67.04761904761905	28.09090909090909	162.3181818181818	69.31818181818181	28.363636363636363
2017-04-29 23:00	1390.909090909091	63.23809523809524	34.45454545454545	214.72727272727272	70.68181818181819	30.136363636363637
2017-04-30 00:00	1184	40.166666666666664	64.8	408.16	89.6	18.48
